1,Adelpha_diazi,0
2,Baronia_brevicornis,0
3,Parides_alopius,0
4,Papilio_esperanza,0
5,Eucheira_socialis,0
6,Agathymus_estelleae,0
7,Agathymus_fieldi,0
8,Agathymus_juliae,0
9,Amblyscirtes_fluonia,0
10,Adelpha_barnesia,0
11,Adelpha_serpa,0
12,Aeria_eurimedia,0
13,Altinote_stratonice,0
14,Apodemia_hepburni,0
15,Adelotypa_eudocia,0
16,Chlosyne_marina,0
17,Chlosyne_marina,0
18,Chlosyne_rosita,0
19,Chlosyne_rosita,0
20,Adelpha_donysa,0
21,Adelpha_erotia,0
22,Actinote_melampeplos,0
23,Adelpha_basiloides,0
24,Adelpha_bredowii,0
25,Chlosyne_lacinia,0
26,Chlosyne_leanira,0
27,Chlosyne_melanarge,0
28,Adelpha_lycorias,0
29,Amblyscirtes_fimbriata,0
30,Memphis_pithyusa_,0
31,Argyrogrammana_stilbe,0
32,Amblyscirtes_nysa,0
33,Amblyscirtes_raphaeli,0
34,Anaea_wellingi,0
35,Adelpha_erymanthis,0
36,Amblyscirtes_simius,0
37,Antigonus_emorsa,0
38,Antigonus_funebris,0
39,Adelpha_ethelda,0
40,Adelpha_felderi,0
41,Adelpha_fessonia,0
42,Adelpha_iphicleola,0
43,Adelpha_iphiclus,0
44,Memphis_xenocles,0
45,Anartia_fatima,0
46,Anartia_jatrophae,0
47,Apodemia_phyciodoides,0
48,Apodemia_palmerii,0
49,Glutophrissa_drusilla,0
50,Apuecla_maeonis,0
51,Catonephele_mexicana,0
52,Catonephele_numilia,0
53,Celaenorrhinus_eligius,0
54,Adelpha_malea,0
55,Amblyscirtes_folia,0
56,Anthocharis_limonea,0
57,Atrytonopsis_frappenda,0
58,Atrytonopsis_edwardsi,0
59,Calephelis_maya,0
60,Calephelis_mexicana,0
61,Calephelis_montezuma,0
62,Atrytonopsis_zweifeli,0
63,Bolla_cybele,0
64,Adelpha_nea,0
65,Adelpha_paraena,0
66,Adelpha_salmoneus,0
67,Adelpha_salus,0
68,Adelpha_seriphia,0
69,Apodemia_mormo,0
70,Caligo_brasiliensis,0
71,Caligo_oedipus,0
72,Caligo_memnon_,0
73,Caligo_uranus,0
74,Astraptes_enotrus,0
75,Astraptes_fulgerator,0
76,Astraptes_alector,0
77,Astraptes_janeira,0
78,Astraptes_latimargo,0
79,Autochton_pseudocellus,0
80,Autochton_siermadror,0
81,Bolla_giselus,0
82,Bolla_giselus,0
83,Adelpha_leuceria,0
84,Adelpha_milleri,0
85,Apodemia_murphyi,0
86,Bolla_solitaria,0
87,Adelpha_naxia,0
88,Adelpha_paroeca,0
89,Adelpha_phylaca,0
90,Adelpha_boeotia,0
91,Adelpha_cocala,0
92,Adelpha_delinita,0
93,Arawacus_jada,0
94,Arawacus_sito,0
95,Aubergina_paetus,0
96,Autochton_bipunctatus,0
97,Autochton_cellus,0
98,Autochton_cincta,0
99,Autochton_longipennis,0
100,Autochton_neis,0
101,Calycopis_calus,0
102,Calycopis_cerata,0
103,Calycopis_clarina,0
104,Calycopis_demonassa,0
105,Calycopis_isobeon,0
106,Calycopis_origo,0
107,Calycopis_pisis,0
108,Autochton_vectilucis,0
109,Agathymus_aryxna,0
110,Apodemia_hypoglauca,0
111,Atlides_rustan,0
112,Brephidium_exile,0
113,Brevianta_busa,0
114,Atlides_inachus,0
115,Atlides_polybe,0
116,Atrytonopsis_lunus,0
117,Atrytonopsis_pittacus,0
118,Aubergina_hicetas,0
119,Bolboneura_sylphis,0
120,Bolla_fenestra,0
121,Baeotis_zonata,0
122,Baeotus_beotus,0
123,Battus_ingenuus,0
124,Battus_laodamas,0
125,Battus_lycidas,0
126,Battus_philenor,0
127,Battus_polydamas,0
128,Behemothia_godmanii,0
129,Biblis_hyperia,0
130,Bolla_orsines,0
131,Calephelis_tikal,0
132,Calephelis_sacapulas,0
133,Calephelis_sinaloensis,0
134,Calephelis_sixola,0
135,Calephelis_stallingsi,0
136,Bolla_cyclops,0
137,Chlosyne_endeis,0
138,Chlosyne_erodyle,0
139,Chlosyne_fulvia,0
140,Chlosyne_gaudialis,0
141,Bolla_imbras,0
142,Calephelis_nemesis,0
143,Calephelis_perditalis,0
144,Calephelis_rawsoni,0
145,Chlosyne_ehrenbergii,0
146,Callophrys_dospassosi,0
147,Bolla_cylindus,0
148,Bolla_eusebius,0
149,Bolla_evippe,0
150,Chlosyne_theona,0
151,Chlosyne_cyneas,0
152,Chlosyne_definita,0
153,Chlosyne_gaudialis,0
154,Chlosyne_janais,0
155,Adopaeoides_bistriata,0
156,Bolla_sonda,0
157,Bolla_subapicatus,0
158,Bolla_zorilla,0
159,Brangas_carthaea,0
160,Brangas_coccineifrons,0
161,Brangas_getus,0
162,Calephelis_velutina,0
163,Calephelis_wellingi,0
164,Calephelis_wrighti,0
165,Calephelis_yautepequensis,0
166,Bungalotis_astylos,0
167,Bungalotis_erythus,0
168,Diaethria_astala,0
169,Callophrys_gryneus,0
170,Callophrys_mcfarlandi,0
171,Decinea_percosius,0
172,Callophrys_scaphia,0
173,Callophrys_spinetorum,0
174,Callophrys_xami,0
175,Camptopleura_theramenes,0
176,Caria_domitianus,0
177,Caria_ino,0
178,Caria_mantinea,0
179,Caria_melino,0
180,Catasticta_teutila,0
181,Carrhenes_calidius,0
182,Carrhenes_callipetes,0
183,Carrhenes_canescens,0
184,Carrhenes_fuscescens,0
185,Carystoides_abrahami,0
186,Carystoides_basoches,0
187,Detritivora_zama,0
188,Diaethria_anna,0
189,Diaethria_astala,0
190,Carystoides_hondura,0
191,Carystoides_lila,0
192,Carystoides_mexicana,0
193,Carystoides_sicania,0
194,Carystus_phorcus,0
195,Castilia_eranites,0
196,Castilia_griseobasalis,0
197,Castilia_myia,0
198,Castilia_ofella,0
199,Catasticta_flisa,0
200,Celaenorrhinus_stallingsi,0
201,Celaenorrhinus_stola,0
202,Celmia_celmus,0
203,Celmia_conoveria,0
204,Celotes_nessus,0
205,Cepheuptychia_glaucina,0
206,Cephise_aelius,0
207,Agathymus_hoffmanni,0
208,Chlosyne_kendallorum,0
209,Adopaeoides_prittwitzi,0
210,Agathymus_indecisa,0
211,Chlorostrymon_simaethis,0
212,Chlorostrymon_telea,0
213,Chlosyne_hippodrome,0
214,Chlosyne_janais,0
215,Chlosyne_theona,0
216,Cyllopsis_gemma,0
217,Cyllopsis_guatemalena,0
218,Cyllopsis_hedemanni,0
219,Cyllopsis_hilaria,0
220,Cymaenes_tripunctus,0
221,Cynea_anthracinus,0
222,Cynea_cynea,0
223,Cynea_diluta,0
224,Cissia_pseudoconfusa,0
225,Cissia_similis,0
226,Cissia_terrestris,0
227,Cissia_themis,0
228,Clito_zelotes,0
229,Epargyreus_brodkorbi,0
230,Cyllopsis_perplexa,0
231,Cyllopsis_windi,0
232,Cyanophrys_fusius,0
233,Cyanophrys_longula,0
234,Cyanophrys_miserabilis,0
235,Cycloglypha_thrasibulus,0
236,Cynea_nigricola,0
237,Ouleus_cyrna,0
238,Panoquina_hecebolus,0
239,Panoquina_ocola,0
240,Dione_juno,0
241,Dione_moneta,0
242,Dircenna_dero,0
243,Emesis_poeas,0
244,Eunica_sydonia,0
245,Eunica_tatila,0
246,Eunica_volumna,0
247,Cycloglypha_tisias,0
248,Cyclosemia_anastomosis,0
249,Diaethria_pandama,0
250,Dalla_freemani,0
251,Dalla_faula,0
252,Dalla_bubobon,0
253,Emesis_aurimna,0
254,Emesis_emesia,0
255,Cymaenes_laureolus,0
256,Decinea_decinea,0
257,Dalla_steinhauseri,0
258,Dynamine_artemisia,0
259,Electrostrymon_hugon_,0
260,Emesis_cypria,0
261,Danaus_eresimus,0
262,Danaus_gilippus,0
263,Danaus_plexippus,0
264,Dardarina_dardaris,0
265,Decinea_lucifer,0
266,Dicya_carnica,0
267,Dicya_dicaea,0
268,Dicya_lollia,0
269,Dicya_lucagus,0
270,Doberes_hewitsonius,0
271,Drephalys_oria,0
272,Dryadula_phaetusa,0
273,Dryas_iulia,0
274,Dubiella_fiscella,0
275,Dymasia_dymas,0
276,Emesis_tegula,0
277,Elbella_patrobas,0
278,Elbella_scylla,0
279,Electrostrymon_joya,0
280,Rubroserrata_mathewi,0
281,Doxocopa_callianira,0
282,Doxocopa_cyane,0
283,Aegiale_hesperiaris,0
284,Aethilla_echina,0
285,Aethilla_lavochrea,0
286,Agrias_aedon,0
287,Arcas_imperialis,0
288,Archaeoprepona_amphimachus,0
289,Agathymus_belli,0
290,Agathymus_comstocki,0
291,Agathymus_dawsoni,0
292,Agathymus_escalantei,0
293,Archaeoprepona_demophon,0
294,Bolla_brennus,0
295,Bolla_clytius,0
296,Bolla_cupreiceps,0
297,Euphyes_canda,0
298,Euphyes_ampa,0
299,Panoquina_panoquinoides,0
300,Panoquina_pauper,0
301,Panoquina_lucas,0
302,Ectima_erycinoides,0
303,Enos_falerina,0
304,Enos_thara,0
305,Emesis_ares,0
306,Grais_stigmaticus,0
307,Erora_quaderna,0
308,Erora_subflorens,0
309,Agathymus_rethon,0
310,Agathymus_ricei,0
311,Agathymus_polingi,0
312,Agathymus_remingtoni,0
313,Agathymus_stephensi,0
314,Agraulis_vanillae,0
315,Euselasia_cataleuca,0
316,Euselasia_chrysippe,0
317,Euselasia_eubule,0
318,Erynnis_scudderi,0
319,Enosis_matheri,0
320,Entheus_crux,0
321,Epargyreus_windi,0
322,Erora_muridosca,0
323,Euselasia_argentea,0
324,Euselasia_aurantiaca,0
325,Eryphanis_aesacus,0
326,Esthemopsis_alicia,0
327,Enosis_immaculata,0
328,Enosis_schausi,0
329,Entheus_matho,0
330,Epargyreus_aspina,0
331,Epargyreus_clavicornis,0
332,Euptychia_fetna,0
333,Erynnis_mercurius,0
334,Euptychia_westwoodii,0
335,Eurema_agave,0
336,Eurema_albula,0
337,Eurema_boisduvaliana,0
338,Eurema_daira,0
339,Pyrisitia_dina,0
340,Euptoieta_hegesia,0
341,Euptychia_hilara,0
342,Euptychia_jesia,0
343,Panthiades_bathildis,0
344,Panthiades_bitias,0
345,Erynnis_brizo,0
346,Erynnis_funeralis,0
347,Agrias_amydon,0
348,Aguna_albistria,0
349,Aguna_asander,0
350,Aguna_aurunce,0
351,Aguna_claxon,0
352,Aguna_coeloides,0
353,Aguna_metophis,0
354,Aides_brilla,0
355,Aides_dysoni,0
356,Allosmaitia_strophius,0
357,Altinote_ozomene,0
358,Hades_noctula,0
359,Greta_andromica,0
360,Greta_annette,0
361,Greta_annette,0
362,Greta_morgane,0
363,Erynnis_meridianus,0
364,Esthemopsis_pherephatte,0
365,Euchloe_hyantis,0
366,Halotus_jonaveriorum,0
367,Hamadryas_julitta,0
368,Godyris_zavaleta,0
369,Gorgythion_begga,0
370,Gorgythion_vox,0
371,Greta_morgane,0
372,Halotus_rica,0
373,Hamadryas_amphichloe,0
374,Hamadryas_atlantis,0
375,Hamadryas_februa,0
376,Hamadryas_feronia,0
377,Hamadryas_fornax,0
378,Hamadryas_glauconome,0
379,Hamadryas_guatemalena,0
380,Hamadryas_iphthime,0
381,Hamadryas_laodamia,0
382,Helias_cama,0
383,Heliconius_charithonia,0
384,Heliconius_cydno,0
385,Kolana_lyde,0
386,Evenus_batesi,0
387,Evenus_coronata,0
388,Evenus_regalis,0
389,Heliconius_ismenius,0
390,Heliconius_sapho,0
391,Heliconius_sara,0
392,Heliopetes_alana,0
393,Heliopetes_arsalte,0
394,Heliopyrgus_domicella,0
395,Heliopetes_ericetorum,0
396,Heliopetes_laviana,0
397,Heliopetes_macaira,0
398,Hyphilaria_thasus,0
399,Hypna_clytemnestra,0
400,Hypoleria_lavinia,0
401,Hypophylla_sudias,0
402,Hypophylla_zeurippa,0
403,Hyposcada_virginiana,0
404,Hypostrymon_asa,0
405,Hypothyris_euclea,0
406,Hypothyris_lycaste,0
407,Panthiades_ochus,0
408,Panthiades_phaleros,0
409,Papias_dictys,0
410,Hemiargus_hanno,0
411,Hesperia_pahaska,0
412,Juditha_caucana,0
413,Justinia_phaetusa,0
414,Kolana_ligurina,0
415,Laothus_oceia,0
416,Laparus_doris,0
417,Lasaia_agesilas,0
418,Arzecla_tarpa,0
419,Laothus_barajo,0
420,Manataria_hercyna,0
421,Marpesia_chiron,0
422,Marpesia_coresia,0
423,Marpesia_corita,0
424,Marpesia_harmonia,0
425,Marpesia_petreus,0
426,Mechanitis_lysimnia,0
427,Mechanitis_menapis,0
428,Mechanitis_polymnia,0
429,Lemonias_caliginea,0
430,Pedaliodes_circumducta,0
431,Lycorea_halia,0
432,Lycorea_ilione,0
433,Lymanopoda_cinna,0
434,Lyropteryx_lyra,0
435,Megathecla_cupentus,0
436,Microtia_elva,0
437,Mictris_crispus,0
438,Nathalis_iole,0
439,Lasaia_maria,0
440,Lasaia_sessilis,0
441,Lasaia_sula,0
442,Lathecla_latagus,0
443,Leptophobia_aripa,0
444,Leptotes_cassius,0
445,Leptotes_marina,0
446,Lerema_accius,0
447,Lerema_liris,0
448,Lerema_lumina,0
449,Lerodea_arabus,0
450,Lerodea_dysaules,0
451,Lerodea_eufala,0
452,Leucochimona_lepida,0
453,Necyria_duellona,0
454,Neophasia_terlooii,0
455,Rhinthon_molion,0
456,Neoxeniades_scipio,0
457,Magnastigma_elsa,0
458,Magneuptychia_alcinoe,0
459,Magneuptychia_libye,0
460,Papias_phaeomelas,0
461,Papias_phainis,0
462,Papias_subcostulata,0
463,Papilio_anchisiades,0
464,Periplacis_pretus,0
465,Mesene_croceella,0
466,Niconiades_merenda,0
467,Niconiades_nikko,0
468,Niconiades_viridis,0
469,Nisoniades_castolus,0
470,Nisoniades_ephora,0
471,Ochlodes_samenta,0
472,Ocaria_arpoxais,0
473,Melanopyge_mulleri,0
474,Papilio_palamedes,0
475,Micandra_tongida,0
476,Michaelus_hecate,0
477,Michaelus_ira,0
478,Michaelus_jebus,0
479,Nymphalis_cyanomelas,0
480,Nymphidium_ascolia,0
481,Oarisma_edwardsii,0
482,Mesosemia_gemina,0
483,Pterourus_garamas,0
484,Pterourus_garamas,0
485,Papilio_glaucus,0
486,Papilio_multicaudatus,0
487,Oeonus_pyste,0
488,Niconiades_comitana,0
489,Heraclides_rogeri,0
490,Amblyscirtes_aenus,0
491,Anastrus_tolimus,0
492,Anatrytone_logan,0
493,Phanus_rilma,0
494,Pheles_eulesca,0
495,Onespa_gala,0
496,Pheles_melanchroia,0
497,Nica_flavilla,0
498,Nicolaea_dolium,0
499,Nicolaea_heraldica,0
500,Nicolaea_ophia,0
501,Papilio_polyxenes,0
502,Papilio_rogeri,0
503,Papilio_thoas,0
504,Papilio_torquatus,0
505,Pterourus_menatius,0
506,Phaeostrymon_alcestis,0
507,Phanes_aletes,0
508,Phanes_almoda,0
509,Phanus_albiapicalis,0
510,Phanus_confusis,0
511,Phanus_marshalli,0
512,Phanus_vitreus,0
513,Sostrata_bifasciata,0
514,Spathilepia_clonius,0
515,Pheles_strigosa,0
516,Strymon_astiocha,0
517,Strymon_bazochii,0
518,Amblyscirtes_anubis,0
519,Amblyscirtes_brocki,0
520,Panoquina_peraea,0
521,Ridens_mephitis,0
522,Siderone_galanthis,0
523,Siderus_leucophaeus,0
524,Urbanus_evona,0
525,Polythrix_kanshul,0
526,Strymon_bebrycia,0
527,Perophthalma_lasus,0
528,Perrhybris_pamela,0
529,Pareuptychia_metaleuca,0
530,Pareuptychia_ocirrhoe,0
531,Parides_childrenae,0
532,Parides_erithalion,0
533,Parides_eurimedes,0
534,Parides_iphidamas,0
535,Parides_montezuma,0
536,Parides_panares,0
537,Parides_photinus,0
538,Parides_sesostris,0
539,Parphorus_decora,0
540,Parphorus_storax,0
541,Parrhasius_moctezuma,0
542,Parrhasius_orgia,0
543,Anastrus_meliboea,0
544,Anastrus_neaeris,0
545,Anastrus_sempiternus,0
546,Pellicia_angra,0
547,Pheraeus_covadonga,0
548,Pellicia_arina,0
549,Pellicia_dimidiata,0
550,Pereute_charops,0
551,Perichares_lotus,0
552,Perichares_philetes,0
553,Periplacis_glaucoma,0
554,Philaethria_diatonica,0
555,Phocides_belus,0
556,Phocides_pigmalion,0
557,Phocides_polybius,0
558,Piruna_brunnea,0
559,Piruna_haferniki,0
560,Urbanus_tanna,0
561,Urbanus_teleus,0
562,Ridens_crison,0
563,Strymon_megarus,0
564,Strymon_melinus,0
565,Strymon_mulucha,0
566,Strymon_serapio,0
567,Strymon_yojoa,0
568,Strymon_ziba,0
569,Strymon_rufofusca,0
570,Sucova_sucova,0
571,Symmachia_accusatrix,0
572,Symmachia_probetor,0
573,Symmachia_rubina,0
574,Polites_puxillius,0
575,Cyllopsis_pseudopephredo,0
576,Anastrus_tolimus,0
577,Polites_rhesus,0
578,Talides_alternata,0
579,Talides_cantra,0
580,Talides_sergestus,0
581,Taygetis_kerea,0
582,Taygetis_mermeria,0
583,Piruna_polingii,0
584,Strephonota_ericeta,0
585,Strephonota_syedra,0
586,Strymon_albata,0
587,Strymon_alea,0
588,Icaricia√øacmon,0
589,Taygetis_sosis,0
590,Pseudocopaeodes_eunus,0
591,Pseudodebis_zimri,0
592,Poanes_inimica,0
593,Poanes_melane,0
594,Polythrix_octomaculata,0
595,Pompeius_dares,0
596,Pompeius_pompeius,0
597,Pontia_protodice,0
598,Eburuncus_unifasciata,0
599,Prepona_deiphile,0
600,Pteronymia_artena,0
601,Quadrus_contubernalis,0
602,Pyrrhopyge_crida,0
603,Pyrrhopyge_erythrosticta,0
604,Pyrrhopyge_hoffmanni,0
605,Pseudolycaena_damo,0
606,Urbanus_procne,0
607,Polygonia_interrogationis,0
608,Polygonus_manueli,0
609,Amblyscirtes_cassus,0
610,Amblyscirtes_celia,0
611,Amblyscirtes_elissa,0
612,Amblyscirtes_eos,0
613,Quasimellana_eulogius,0
614,Poanes_niveolimbus,0
615,Pseudomaniola_gigas,0
616,Pseudonymphidia_agave,0
617,Pseudonymphidia_clearista,0
618,Quadrus_francesius,0
619,Quadrus_lugubris,0
620,Quasimellana_andersoni,0
621,Quasimellana_aurora,0
622,Quadrus_contubernalis,0
623,Taygetis_thamyra,0
624,Taygetis_uncinata,0
625,Polites_norae,0
626,Poanes_zabulon,0
627,Poladryas_minuta,0
628,Polites_carus,0
629,Polites_sabuleti,0
630,Polites_subreticulata,0
631,Polites_vibex,0
632,Polyctor_cleta,0
633,Polyctor_enops,0
634,Rekoa_zebina,0
635,Remella_duena,0
636,Remella_remus,0
637,Remella_rita,0
638,Remella_vopiscus,0
639,Staphylus_veytius,0
640,Staphylus_vincula,0
641,Staphylus_vulgata,0
642,Stinga_morrisoni,0
643,Strephonota_ambrax,0
644,Memphis_moruus_,0
645,Taygetis_uzza,0
646,Satyrotaygetis_satyrina,0
647,Semonina_semones,0
648,Setabis_lagus,0
649,Thoon_modius,0
650,Thorybes_drusius,0
651,Thorybes_mexicana,0
652,Thorybes_pylades,0
653,Thracides_phidon,0
654,Pythonides_grandis,0
655,Pythonides_jovianus,0
656,Pythonides_proxenus,0
657,Pythonides_pteras,0
658,Quadrus_cerialis,0
659,Saliana_antoninus,0
660,Saliana_esperi,0
661,Saliana_fusta,0
662,Saliana_hewitsoni,0
663,Saliana_longirostris,0
664,Saliana_saladin,0
665,Saliana_salius,0
666,Quasimellana_mexicana,0
667,Theope_pieridoides,0
668,Theope_pseudopedias,0
669,Archaeoprepona_phaedra,0
670,Archonias_brassolis,0
671,Calliades_zeutus,0
672,Callicore_astarte,0
673,Callicore_lyca,0
674,Anaea_perenna,0
675,Memphis_philumena,0
676,Memphis_pithyusa_,0
677,Lasaia_meris,0
678,Amblyscirtes_florus,0
679,Rhetus_arcius,0
680,Rhetus_periander,0
681,Rhinthon_osca,0
682,Ridens_allyni,0
683,Splendeuptychia_kendalli,0
684,Staphylus_tierra,0
685,Taygetina_weymeri,0
686,Telemiades_choricus,0
687,Cyllopsis_whiteorum,0
688,Anaea_nobilis,0
689,Anteos_maerula,0
690,Argynnis_nokomis,0
691,Stallingsia_maculosus,0
692,Staphylus_ascalaphus,0
693,Staphylus_azteca,0
694,Taygetis_virgilia,0
695,Tegosa_anieta,0
696,Tegosa_guatemalena,0
697,Tegosa_nigrella,0
698,Telemiades_amphion,0
699,Vehilius_stictomenes,0
700,Pterourus_menatius,0
701,Vettius_onaca,0
702,Vettius_tertianus,0
703,Vidius_perigenes,0
704,Thespieus_macareus,0
705,Thisbe_lycorias,0
706,Adelpha_pithys,0
707,Vettius_argentus,0
708,Vettius_coryna,0
709,Vettius_fantasos,0
710,Vettius_lafrenaye,0
711,Callophrys_estela,0
712,Decinea_mustea,0
713,Decinea_rindgei,0
714,Camptopleura_oaxaca,0
715,Catonephele_cortesi,0
716,Cissia_cleophes,0
717,Codatractus_cyledis,0
718,Codatractus_sallyae,0
719,Codatractus_uvydixa,0
720,Codatractus_yucatanus,0
721,Bolla_litus,0
722,Bungalotis_milleri,0
723,Cyllopsis_jacquelineae,0
724,Cyllopsis_nayarit,0
725,Diaethria_bacchis,0
726,Memphis_proserpina,0
727,Cogia_aventinus,0
728,Anteros_chrysoprasta,0
729,Anteros_formosus,0
730,Anthocharis_cethura,0
731,Anthocharis_lanceolata,0
732,Caria_stillaticia,0
733,Carystoides_escalantei,0
734,Carystoides_floresi,0
735,Castilia_chinantlensis,0
736,Cyllopsis_clinas,0
737,Cyllopsis_diazi,0
738,Cyllopsis_dospassosi,0
739,Cephise_mexicanus,0
740,Cyllopsis_parvimaculata,0
741,Anthocharis_sara,0
742,Dalla_kemneri,0
743,Dalla_lalage,0
744,Anteros_carausius,0
745,Dalla_mentor,0
746,Euphyes_chamuli,0
747,Euchloe_guaymasensis,0
748,Euptychia_rubrofasciata,0
749,Hypostrymon_critola,0
750,Megathymus_beulahae,0
751,Paratrytone_decepta,0
752,Anthoptus_epictetus,0
753,Heliopetes_sublinea,0
754,Ipidecla_miadora,0
755,Ithomia_leila,0
756,Astraptes_creteus,0
757,Astraptes_egregius,0
758,Astraptes_megalurus,0
759,Astraptes_phalaecus,0
760,Laothus_erybathis,0
761,Megathymus_beulahae,0
762,Neposa_heras,0
763,Anthoptus_insignis,0
764,Calociasma_nycteus,0
765,Oarisma_era,0
766,Paramacera_chinanteca,0
767,Paramacera_copiosa,0
768,Paramacera_xicaque,0
769,Paratrytone_aphractoia,0
770,Paratrytone_raspa,0
771,Paratrytone_kemneri,0
772,Paratrytone_olmitemensis,0
773,Paratrytone_polyclea,0
774,Piruna_dampfi,0
775,Calospila_pelarge,0
776,Calpodes_ethlius,0
777,Calycopis_atnius,0
778,Piruna_cyclosticta,0
779,Paratrytone_rhexenor,0
780,Piruna_ajijiciensis,0
781,Piruna_ceracates,0
782,Autochton_zarex,0
783,Battus_eracon,0
784,Calephelis_arizonensis,0
785,Calephelis_azteca,0
786,Calephelis_bajaensis,0
787,Piruna_gyrans,0
788,Piruna_jonka,0
789,Piruna_kemneri,0
790,Calephelis_yucatana,0
791,Calicosama_lilina,0
792,Brangas_neora,0
793,Piruna_purepecha,0
794,Ridens_mercedes,0
795,Anthoptus_macalpinei,0
796,Piruna_microsticta,0
797,Piruna_millerorum,0
798,Piruna_roeveri,0
799,Piruna_sina,0
800,Fountainea_glycerium_,0
801,Fountainea_halice_,0
802,Memphis_hedemanni,0
803,Anaea_herbacea,0
804,Memphis_mora,0
805,Anaea_neidhoeferi,0
806,Anaea_nobilis,0
807,Memphis_oenomais,0
808,Piruna_maculata,0
809,Piruna_mullinsi,0
810,Piruna_penaea,0
811,Pythonides_mundo,0
812,Pythonides_rosa,0
813,Poanes_benito,0
814,Systasea_microsticta,0
815,Polygonia_haroldii,0
816,Poanes_monticola,0
817,Quasimellana_agnesae,0
818,Antigonus_corrosus,0
819,Antigonus_erosus,0
820,Polites_pupillus,0
821,Pyrrhopyge_tzotzili,0
822,Antigonus_nearchus,0
823,Antirrhea_philoctetes,0
824,Calephelis_dreisbachi,0
825,Calephelis_freemani,0
826,Calephelis_fulmen,0
827,Quasimellana_mulleri,0
828,Quasimellana_siblinga,0
829,Stallingsia_jacki,0
830,Stallingsia_smithi,0
831,Enantia_mazai,0
832,Calephelis_huasteca,0
833,Calephelis_laverna,0
834,Calephelis_matheri,0
835,Urbanus_viridis,0
836,Turnerina_hazelae,0
837,Turnerina_mejicanus,0
838,Typhedanus_salas,0
839,Urbanus_chales,0
840,Zischkaia_pellonia,0
841,Zestusa_elwesi,0
842,Fountainea_ryphea_,0
843,Adelpha_diocles,0
844,Anaea_arginussa,0
845,Adelpha_cytherea,0
846,Apodemia_walkeri_,0
847,Amblyscirtes_exoteria,0
848,Anatrytone_mazai,0
849,Anatrytone_mella,0
850,Anatrytone_potosiensis,0
851,Ancyloxypha_arene,0
852,Ancyluris_inca,0
853,Ancyluris_jurgensenii,0
854,Anetia_thirza,0
855,Anisochoria_bacchus,0
856,Anteos_clorinde,0
857,Amblyscirtes_patriciae,0
858,Amblyscirtes_tolteca,0
859,Amysoria_galgala,0
860,Anaea_aidea,0
861,Anaea_andria,0
862,Anaea_artacaena,0
863,Anaea_aureola,0
864,Anaea_dia,0
865,Fountainea_eurypyle_,0
866,Anaea_forreri,0
867,Apodemia_nais,0
868,Cymaenes_odilia,0
869,Dalla_nubes,0
870,Dalla_ramirezi,0
871,Atrytonopsis_cestus,0
872,Celaenorrhinus_fritzgaertneri,0
873,Celaenorrhinus_monartus,0
874,Apuecla_upupa,0
875,Astraptes_chiriquensis,0
876,Astraptes_talus,0
877,Astraptes_tucuti,0
878,Atalopedes_campestris,0
879,Atarnes_sallei,0
880,Atlides_carpasia,0
881,Atrytonopsis_deva,0
882,Damas_clavus,0
883,Chlosyne_acastus,0
884,Adelpha_leucerioides,0
885,Drephalys_dumeril,0
886,Emesis_tenedia,0
887,Emesis_vimena,0
888,Emesis_vulpina,0
889,Enantia_Albania,0
890,Enantia_jethys,0
891,Enantia_lina,0
892,Arawacus_hypocrita,0
893,Arawacus_togarna,0
894,Arcas_cypria,0
895,Callicore_pitheas,0
896,Callicore_texa,0
897,Callicore_tolima,0
898,Callimormus_juventus,0
899,Apodemia_multiplaga,0
900,Calephelis_argyrodines,0
901,Arita_arita,0
902,Arteurotia_tractipennis,0
903,Arumecla_galliena,0
904,Ascia_monuste,0
905,Asterocampa_celtis,0
906,Asterocampa_clyton,0
907,Asterocampa_idyja,0
908,Asterocampa_leilia,0
909,Astraptes_alardus,0
910,Astraptes_anaphus,0
911,Astraptes_apastus,0
912,Astraptes_brevicauda,0
913,Astraptes_chiriquensis,0
914,Atlides_gaumeri,0
915,Atlides_halesus,0
916,Azonax_typhaon,0
917,Baeotis_barce,0
918,Baeotis_sulphurea,0
919,Brevianta_hyas,0
920,Euselasia_midas_,0
921,Bungalotis_quadratum,0
922,Cabares_potrillo,0
923,Calephelis_acapulcoensis,0
924,Callimormus_radiola,0
925,Callimormus_saturnus,0
926,Callithomia_hezia,0
927,Enosis_achelous,0
928,Callophrys_augustinus,0
929,Calycopis_trebula,0
930,Calycopis_xeneta,0
931,Calydna_sturnula,0
932,Calydna_venusta,0
933,Camissecla_vespasianus,0
934,Camptopleura_auxo,0
935,Callophrys_guatemalena,0
936,Caria_rhacotis,0
937,Catasticta_flisa,0
938,Catasticta_nimbice,0
939,Cephise_guatemalaensis,0
940,Cephise_nuspesez,0
941,Ceratinia_tutia,0
942,Cercyonis_pegala,0
943,Celastrina_ladon,0
944,Chalodeta_chaonitis,0
945,Chalybs_hassan,0
946,Chalybs_janias,0
947,Chamaelimnas_cydonia,0
948,Charonias_eurytele,0
949,Chimastrum_argentea,0
950,Chioides_catillus,0
951,Chioides_zilpa,0
952,Chiomara_asychis,0
953,Chiomara_mithrax,0
954,Chloreuptychia_sericeella,0
955,Cynea_irma,0
956,Cynea_megalops,0
957,Chrysoplectrum_epicincea,0
958,Conga_chydaea,0
959,Cissia_confusa,0
960,Cissia_labe,0
961,Cissia_palladia,0
962,Cissia_pompilia,0
963,Cobalopsis_autumna,0
964,Cobalopsis_nero,0
965,Cobalus_fidicula,0
966,Codatractus_alcaeus,0
967,Codatractus_arizonensis,0
968,Codatractus_bryaxis,0
969,Codatractus_carlos,0
970,Erynnis_tristis,0
971,Everes_comyntas,0
972,Flaccilla_aecas,0
973,Codatractus_cyda,0
974,Codatractus_hyster,0
975,Codatractus_melon,0
976,Codatractus_valeriana,0
977,Cogia_caicus,0
978,Cogia_cajeta,0
979,Cogia_cajeta,0
980,Cogia_calchas,0
981,Cogia_hippalus,0
982,Cogia_mala,0
983,Colias_cesonia,0
984,Colias_eurytheme,0
985,Colias_philodice,0
986,Colobura_annulata,0
987,Colobura_dirce,0
988,Consul_electra,0
989,Consul_excellens,0
990,Consul_fabius,0
991,Contrafacia_ahola,0
992,Contrafacia_bassania,0
993,Contrafacia_imma,0
994,Copaeodes_aurantiaca_,0
995,Copaeodes_minimus,0
996,Corticea_corticea,0
997,Corticea_lysias,0
998,Corticea_similea,0
999,Cyanophrys_agricolor,0
1000,Cyanophrys_amyntor,0
1001,Diaeus_varna,0
1002,Cyllopsis_pallens,0
1003,Cyllopsis_pephredo,0
1004,Cyllopsis_pertepida,0
1005,Cyllopsis_pyracmon,0
1006,Cyllopsis_steinhauserorum,0
1007,Cyllopsis_suivalenoides,0
1008,Cyllopsis_suivalens,0
1009,Cymaenes_alumna,0
1010,Ganyra_howarthi,0
1011,Cymaenes_fraus,0
1012,Episcada_salvinia,0
1013,Eprius_veleda,0
1014,Eracon_lachesis,0
1015,Eresia_clio,0
1016,Eresia_phillyra,0
1017,Eretris_maria,0
1018,Erora_aura,0
1019,Erora_carla,0
1020,Erora_gabina,0
1021,Erora_nitetis,0
1022,Erora_opisena,0
1023,Melete_lycimnia,0
1024,Melete_polyhymnia,0
1025,Dalla_lethaea,0
1026,Dircenna_jemina,0
1027,Dircenna_klugii,0
1028,Dismorphia_amphione,0
1029,Dismorphia_crisia,0
1030,Dismorphia_eunoe,0
1031,Dismorphia_theucharila,0
1032,Doberes_anticus,0
1033,Emesis_liodes,0
1034,Emesis_lupina,0
1035,Emesis_mandana,0
1036,Emesis_ocypore,0
1037,Doxocopa_laure,0
1038,Doxocopa_laurentia,0
1039,Doxocopa_pavon,0
1040,Emesis_saturata,0
1041,Ganyra_josephina,0
1042,Ganyra_phaloe,0
1043,Gargina_caninius,0
1044,Gargina_gargophia,0
1045,Gargina_gnosia,0
1046,Erora_quaderna,0
1047,Euphyes_vestris,0
1048,Euptoieta_claudia,0
1049,Melinaea_lilis,0
1050,Parnassius_delphius,0
1051,Mesene_leucopus,0
1052,Emesis_zela,0
1053,Enosis_angularis,0
1054,Epargyreus_clarus,0
1055,Epargyreus_deleoni,0
1056,Epargyreus_exadeus,0
1057,Epargyreus_socus,0
1058,Epargyreus_spina,0
1059,Epargyreus_spinosa,0
1060,Epiphile_adrasta,0
1061,Dynamine_ate,0
1062,Dynamine_dyonis,0
1063,Dynamine_postverta,0
1064,Dynamine_theseus,0
1065,Dynastor_darius,0
1066,Dynastor_macrosiris,0
1067,Nicephellus_nicephorus,0
1068,Dyscophellus_phraxanor,0
1069,Dyscophellus_porcius,0
1070,Dyscophellus_ramusis,0
1071,Ebrietas_anacreon,0
1072,Ebrietas_elaudia,0
1073,Ebrietas_evanidus,0
1074,Ebrietas_osyris,0
1075,Ebrietas_sappho,0
1076,Ebusus_ebusus,0
1077,Epiphile_hermosa,0
1078,Epiphile_iblis,0
1079,Erynnis_afranius,0
1080,Erynnis_pacuvius,0
1081,Euselasia_pusilla,0
1082,Forsterinaria_neonympha,0
1083,Gindanes_brebisson,0
1084,Gindanes_brontinus,0
1085,Godyris_nero,0
1086,Mesene_margaretta,0
1087,Mesene_phareus,0
1088,Limenitis_arthemis,0
1089,Napaea_beltiana,0
1090,Napaea_eucharila,0
1091,Papilio_astyalus,0
1092,Erynnis_juvenalis,0
1093,Eueides_aliphera,0
1094,Eueides_isabella,0
1095,Eueides_lineata,0
1096,Eueides_procula,0
1097,Eueides_vibilia,0
1098,Eumaeus_childrenae,0
1099,Eumaeus_toxea,0
1100,Eunica_alcmena,0
1101,Eunica_alpais,0
1102,Eunica_caelina,0
1103,Eunica_malvina,0
1104,Eunica_monima,0
1105,Eunica_mygdonia,0
1106,Pyrisitia_lisa,0
1107,Eurema_mexicana,0
1108,Abaeis_nicippe,0
1109,Eurema_nise,0
1110,Pyrisitia_proterpia,0
1111,Eurema_salome,0
1112,Eurema_xantochlora,0
1113,Eurybia_elvina,0
1114,Eurybia_lycisca,0
1115,Eurybia_patrona,0
1116,Eurytides_agesilaus,0
1117,Eurytides_calliste,0
1118,Eurytides_dioxippus,0
1119,Eurytides_epidaus,0
1120,Eurytides_macrosilaus,0
1121,Eurytides_philolaus,0
1122,Eurytides_salvini,0
1123,Eurytides_thyastes,0
1124,Euselasia_eucrates,0
1125,Euselasia_eurypus,0
1126,Euselasia_hieronymi,0
1127,Euselasia_mystica,0
1128,Euselasia_procula,0
1129,Gyrocheilus_patrobas,0
1130,Heliconius_erato,0
1131,Heliconius_hecale,0
1132,Heliconius_hecalesia,0
1133,Heliconius_hortense,0
1134,Iaspis_castimonia,0
1135,Echinargus_isola,0
1136,Hermathena_oweni,0
1137,Hermeuptychia_sosybius,0
1138,Kricogonia_lyside,0
1139,Arzecla_arza,0
1140,Lamprospilus_collucia,0
1141,Hesperia_uncas,0
1142,Hesperia_viridis,0
1143,Hesperia_woodgatei,0
1144,Hesperocharis_costaricensis,0
1145,Hesperocharis_crocea,0
1146,Hesperocharis_graphites,0
1147,Hesperopsis_alpheus,0
1148,Historis_acheronta,0
1149,Historis_odius,0
1150,Hyalothyrus_neleus,0
1151,Hylephila_phyleus,0
1152,Hypanartia_dione,0
1153,Hypanartia_godmanii,0
1154,Hypanartia_lethe,0
1155,Hypanartia_trimaculata,0
1156,Argynnis_callippe,0
1157,Argynnis_coronis,0
1158,Urbanus_prodicus,0
1159,Strymon_cestri,0
1160,Lieinix_nemesis,0
1161,Limenitis_archippus,0
1162,Euselasia_regipennis,0
1163,Euselasia_sergia,0
1164,Eutocus_facilis,0
1165,Eutychide_complana,0
1166,Eutychide_paria,0
1167,Eutychide_subcordata,0
1168,Megeuptychia_antonoe,0
1169,Melanis_cephise,0
1170,Melanis_pixe,0
1171,Hypaurotis_crysalus,0
1172,Iaspis_temesa,0
1173,Ignata_gadira,0
1174,Ignata_norax,0
1175,Iophanus_pyrrhias,0
1176,Ipidecla_schausi,0
1177,Isapis_agyrtus,0
1178,Itaballia_demophile,0
1179,Itaballia_pandosia,0
1180,Ithomia_patilla,0
1181,Ithomiola_theages,0
1182,Janthecla_janthina,0
1183,Janthecla_janthodonia,0
1184,Janthecla_rocena,0
1185,Jemadia_pseudognetus,0
1186,Joanna_joanna,0
1187,Arzecla_sethon,0
1188,Leucochimona_vestalis,0
1189,Parrhasius_polibetes,0
1190,Pedaliodes_dejecta,0
1191,Librita_librita,0
1192,Prolibythea_carinenta,0
1193,Megathymus_ursus,0
1194,Megathymus_yuccae,0
1195,Megisto_rubricata,0
1196,Mithras_orobia,0
1197,Mnaseas_bicolor,0
1198,Mnasicles_geta,0
1199,Mnasicles_hicetaon,0
1200,Mnasilus_allubita,0
1201,Mnasinous_patage,0
1202,Mnasitheus_chrysophrys,0
1203,Mnasitheus_nitra,0
1204,Mnasitheus_simplicissima,0
1205,Moeris_hyagnis,0
1206,Moeris_striga,0
1207,Lieinix_lala,0
1208,Lycaena_helloides,0
1209,Lycaena_hermes,0
1210,Lycas_argentea,0
1211,Lychnuchoides_saptine,0
1212,Mesene_silaris,0
1213,Oxynthes_corusca,0
1214,Mesosemia_gaudiolum,0
1215,Mesosemia_lamachus,0
1216,Mestra_amymone,0
1217,Methion_melas,0
1218,Methionopsis_ina,0
1219,Methionopsis_typhon,0
1220,Metron_chrysogastra,0
1221,Metron_zimra,0
1222,Nascus_phintias,0
1223,Nascus_phocus,0
1224,Papilio_androgeus,0
1225,Micandra_cyda,0
1226,Nicolaea_velina,0
1227,Mielkella_singularis,0
1228,Mimia_chiapaensis,0
1229,Mimoides_ilus,0
1230,Mimoides_phaon,0
1231,Mimoides_thymbraeus,0
1232,Ministrymon_azia,0
1233,Ministrymon_cleon,0
1234,Ministrymon_clytie,0
1235,Ministrymon_coronta,0
1236,Ministrymon_inoa,0
1237,Ministrymon_leda,0
1238,Ministrymon_phrutus,0
1239,Ministrymon_una,0
1240,Ministrymon_zilda,0
1241,Nascus_solon,0
1242,Nastra_julia,0
1243,Nastra_leucone,0
1244,Nastra_neamathla,0
1245,Niconiades_incomptus,0
1246,Pedaliodes_napaea,0
1247,Monca_jera,0
1248,Monca_telata,0
1249,Morpho_helenor,0
1250,Morpho_polyphemus,0
1251,Morpho_polyphemus,0
1252,Morpho_theseus,0
1253,Morys_compta,0
1254,Morys_geisa,0
1255,Morys_valerius,0
1256,Mucia_zygia,0
1257,Mylon_jason,0
1258,Mylon_lassia,0
1259,Mylon_maimon,0
1260,Mylon_pelopidas,0
1261,Mylon_salvia,0
1262,Myrinia_raymundo,0
1263,Myscelia_cyananthe,0
1264,Myscelia_cyaniris,0
1265,Myscelia_ethusa,0
1266,Myscelus_amystis,0
1267,Myscelus_assaricus,0
1268,Myscelus_belti,0
1269,Myscelus_perissodora,0
1270,Mysoria_affinis,0
1271,Mysoria_amra,0
1272,Mysoria_barcastus,0
1273,Papilio_cresphontes,0
1274,Naevolus_orius,0
1275,Napeogenes_tolosa,0
1276,Narcosius_samson,0
1277,Narcosius_colossus,0
1278,Narcosius_nazaraeus,0
1279,Narcosius_parisi,0
1280,Narope_testacea,0
1281,Nascus_broteas,0
1282,Pseudonascus_paulliniae,0
1283,Nesiostrymon_calchinia,0
1284,Nesiostrymon_celona,0
1285,Nesiostrymon_dodava,0
1286,Nessaea_aglaura,0
1287,Nisoniades_godma,0
1288,Nisoniades_laurentina,0
1289,Nisoniades_rubescens,0
1290,Noctuana_lactifera,0
1291,Noctuana_stator,0
1292,Notheme_erota,0
1293,Nyctelius_nyctelius,0
1294,Nymphalis_antiopa,0
1295,Nymphidium_onaeum,0
1296,Phemiades_milvius,0
1297,Panoquina_errans,0
1298,Panoquina_evadnes,0
1299,Panoquina_fusina,0
1300,Orthos_lycortas,0
1301,Ostrinotes_halciones,0
1302,Ostrinotes_keila,0
1303,Ouleus_bubaris,0
1304,Oarisma_garita,0
1305,Papilio_erostratus,0
1306,Papilio_ornythion,0
1307,Polythrix_asine,0
1308,Ocaria_clenchi,0
1309,Ocyba_calathana,0
1310,Oenomaus_atesa,0
1311,Oenomaus_ortygnus,0
1312,Oleria_paula,0
1313,Oleria_zea,0
1314,Olyras_theon,0
1315,Onenses_hyalophora,0
1316,Onespa_nubis,0
1317,Onophas_columbaria,0
1318,Opsiphanes_boisduvallii,0
1319,Opsiphanes_cassiae,0
1320,Opsiphanes_cassina,0
1321,Opsiphanes_invirae,0
1322,Opsiphanes_quiteria,0
1323,Opsiphanes_tamarindi,0
1324,Orses_cynisca,0
1325,Orthos_gabina,0
1326,Papias_nigrans,0
1327,Pieris_rapae,0
1328,Pindis_squamistriga,0
1329,Pirascca_tyriotes,0
1330,Pyrrhopyge_jonas,0
1331,Pyrrhopyge_phidias,0
1332,Siderus_philinna,0
1333,Siderus_tephraeus,0
1334,Siproeta_epaphus,0
1335,Siproeta_stelenes,0
1336,Strymon_gabatha,0
1337,Strymon_istapa,0
1338,Paramacera_xicaque,0
1339,Phocides_urania,0
1340,Phoebis_agarithe,0
1341,Phoebis_argante,0
1342,Phoebis_boisduvalii,0
1343,Phoebis_neocypris,0
1344,Phoebis_philea,0
1345,Phoebis_sennae,0
1346,Phoebis_statira,0
1347,Phoebis_trite,0
1348,Pholisora_catullus,0
1349,Pholisora_mejicanus,0
1350,Phyciodes_ardys,0
1351,Phyciodes_argentea,0
1352,Anthanassa_atronia,0
1353,Phyciodes_dracaena,0
1354,Phyciodes_drusilla,0
1355,Phyciodes_drymaea,0
1356,Phyciodes_mylitta,0
1357,Phyciodes_nebulosa,0
1358,Anthanassa_otanes,0
1359,Phyciodes_pallescens,0
1360,Phyciodes_phaon,0
1361,Phyciodes_ptolyca,0
1362,Phyciodes_sitalces,0
1363,Phyciodes_texana,0
1364,Phyciodes_tharos,0
1365,Phyciodes_tulcis,0
1366,Phyciodes_graphica,0
1367,Pierella_luna,0
1368,Pieriballia_viardi,0
1369,Parelbella_macleannani,0
1370,Pyrrhopyge_chalybea,0
1371,Pachyneuria_licisca,0
1372,Paiwarria_antinous,0
1373,Paiwarria_umbratus,0
1374,Panaropsis_elegans,0
1375,Ocaria_ocrisia,0
1376,Piruna_cingo,0
1377,Symmachia_tricolor,0
1378,Synale_cynaxa,0
1379,Synapte_malitiosa,0
1380,Urbanus_pronta,0
1381,Urbanus_pronus,0
1382,Urbanus_proteus,0
1383,Urbanus_simplicius,0
1384,Ocaria_petelina,0
1385,Poanes_melane,0
1386,Poanes_taxiles,0
1387,Polythrix_caunus,0
1388,Polythrix_metallescens,0
1389,Polythrix_mexicanus,0
1390,Papilio_pilumnus,0
1391,Pseudopieris_nehemia,0
1392,Pteronymia_alcmena,0
1393,Pteronymia_cotytto,0
1394,Pteronymia_parva,0
1395,Pteronymia_rufocincta,0
1396,Pteronymia_simplex,0
1397,Pycina_zamba,0
1398,Pyrgus_albescens,0
1399,Pyrgus_communis,0
1400,Pyrgus_communis,0
1401,Pyrgus_philetas,0
1402,Pyrgus_scriptura,0
1403,Pyrrhogyra_edocla,0
1404,Pyrrhogyra_neaerea,0
1405,Pyrrhogyra_otolais,0
1406,Apyrrothrix_araxes,0
1407,Siproeta_superba,0
1408,Smyrna_blomfildia,0
1409,Smyrna_karwinskii,0
1410,Polyctor_polyctor,0
1411,Pyrrhopyge_chalybea,0
1412,Prepona_laertes,0
1413,Prepona_pylene,0
1414,Proteides_mercurius,0
1415,Saliana_triangularis,0
1416,Sarota_chrysus,0
1417,Systasea_zampa,0
1418,Quasimellana_balsa,0
1419,Saliana_severus,0
1420,Tegosa_claudina,0
1421,Telemiades_avitus,0
1422,Telemiades_megallus,0
1423,Telemiades_nicomedes,0
1424,Quasimellana_fieldi,0
1425,Sarota_craspediodonta,0
1426,Sarota_estrada,0
1427,Sarota_gamelia,0
1428,Sarota_psaros,0
1429,Saturnus_reticulata,0
1430,Satyrium_auretorum,0
1431,Satyrium_californica,0
1432,Satyrium_polingi,0
1433,Satyrium_saepium,0
1434,Satyrium_sylvinus,0
1435,Thracides_arcalaus,0
1436,Theope_barea,0
1437,Polygonus_leo,0
1438,Achalarus_albociliatus,0
1439,Synapte_puma,0
1440,Thespieus_aspernatus,0
1441,Thespieus_dalman,0
1442,Polygonia_g-argenteum,0
1443,Prestonia_clarki,0
1444,Esthemopsis_clonia,0
1445,Gargina_thoria,0
1446,Gesta_gesta,0
1447,Michaelus_phoenissa,0
1448,Michaelus_thordesa,0
1449,Milanion_clito,0
1450,Ouleus_fridericus,0
1451,Oxeoschistus_hilara,0
1452,Oxeoschistus_tauropolis,0
1453,Paches_loxus,0
1454,Temecla_heraclides,0
1455,Bolla_saletas,0
1456,Callophrys_eryphon,0
1457,Cyanophrys_goodsoni,0
1458,Cyanophrys_herodotus,0
1459,Emesis_fatimella,0
1460,Dalla_ligilla,0
1461,Euphyes_cherra,0
1462,Euphyes_peneia,0
1463,Paches_polla,0
1464,Prepona_dexamenus,0
1465,Systasea_pulverulenta,0
1466,Iaspis_castitas,0
1467,Archaeoprepona_meander,0
1468,Pyrgus_oileus,0
1469,Temecla_paron,0
1470,Vacerra_egla,0
1471,Agathymus_mariae,0
1472,Turesis_tabascoensis,0
1473,Achalarus_casica,0
1474,Thessia_jalapus,0
1475,Achalarus_tehuacana,0
1476,Achalarus_toxeus,0
1477,Thepytus_echelta,0
1478,Thereus_cithonius,0
1479,Thereus_lausus,0
1480,Thereus_oppia,0
1481,Urbanus_dorantes,0
1482,Urbanus_doryssus,0
1483,Urbanus_esmeraldus,0
1484,Urbanus_esta,0
1485,Ridens_miltas,0
1486,Udranomia_orcinus,0
1487,Vanessa_atalanta,0
1488,Vanessa_cardui,0
1489,Vanessa_virginiensis,0
1490,Vehilius_inca,0
1491,Vinius_tryhana,0
1492,Virga_virginius,0
1493,Zariaspes_mys,0
1494,Zenis_jebus,0
1495,Zenis_minos,0
1496,Zera_belti,0
1497,Zera_hyacinthinus,0
1498,Sarota_myrtea,0
1499,Kisutam_micandriana,0
1500,Kisutam_syllis,0
1501,Amblyscirtes_phylace,0
1502,Zera_phila,0
1503,Electrostrymon_guzanta,0
1504,Ziegleria_hesperitis,0
1505,Ziegleria_hoffmani,0
1506,Achlyodes_busirus,0
1507,Satyrium_tetra,0
1508,Quasimellana_myron,0
1509,Quasimellana_nayana,0
1510,Quasimellana_servilius,0
1511,Staphylus_ceos,0
1512,Staphylus_iguala,0
1513,Staphylus_lenis,0
1514,Staphylus_mazans,0
1515,Theope_eupolis,0
1516,Theope_pedias,0
1517,Theope_phaeo,0
1518,Argon_lota,0
1519,Quinta_cannae,0
1520,Rekoa_marius,0
1521,Rekoa_meton,0
1522,Rekoa_palegon,0
1523,Rekoa_stagira,0
1524,Staphylus_tepeca,0
1525,Tegosa_anieta,0
1526,Synapte_salenus,0
1527,Synapte_salenus,0
1528,Theope_villai,0
1529,Synapte_silius,0
1530,Synapte_syraces,0
1531,Synapte_syraces,0
1532,Synargis_mycone,0
1533,Synargis_nymphidioides,0
1534,Synargis_ochra,0
1535,Theclopsis_mycon,0
1536,Theope_bacenis,0
1537,Zera_tetrastigma,0
1538,Theope_cratylus,0
1539,Theope_devriesi,0
1540,Theope_publius,0
1541,Theope_virgilius,0
1542,Theorema_eumenia,0
1543,Thereus_orasus,0
1544,Thereus_ortalus,0
1545,Theritas_augustinula,0
1546,Theritas_hemon,0
1547,Theritas_lisus,0
1548,Theritas_mavors,0
1549,Theritas_theocritus,0
1550,Thisbe_irenea,0
1551,Vertica_verticalis,0
1552,Texola_anomalus,0
1553,Temenis_laothoe,0
1554,Texola_elada,0
1555,Thaeides_theia,0
1556,Thargella_caura,0
1557,Theagenes_aegides,0
1558,Thyridia_psidii,0
1559,Virga_clenchi,0
1560,Vinpeius_tinga,0
1561,Lamphiotes_velazquezi,0
1562,Zizula_cyna,0
1563,Agathymus_micheneri,0
1564,Tigasis_simplex,0
1565,Tigridia_acesta,0
1566,Timochares_ruptifasciata,0
1567,Timochares_trifasciata,0
1568,Tirynthia_conflua,0
1569,Tithorea_harmonia,0
1570,Tithorea_tarricina,0
1571,Tmolus_crolinus,0
1572,Tmolus_cydrara,0
1573,Tmolus_echion,0
1574,Tromba_xanthura,0
1575,Turesis_basta,0
1576,Turesis_complanula,0
1577,Urbanus_viterboana,0
1578,Vacerra_bonfilius,0
1579,Vacerra_cervara,0
1580,Typhedanus_ampyx,0
1581,Typhedanus_undulatus,0
1582,Udranomia_kikkawai,0
1583,Zestusa_dorus,0
1584,Urbanus_albimargo,0
1585,Urbanus_belli,0
1586,Vacerra_lachares,0
1587,Vanessa_annabella,0
1588,Voltinia_danforthi,0
1589,Zariaspes_mythecus,0
1590,Zera_eboneus,0
1591,Calycopis_drusilla,0
1592,Euselasia_inconspicua,0
1593,Voltinia_umbra,0
1594,Wallengrenia_otho,0
1595,Windia_windi,0
1596,Xeniades_chalestra,0
1597,Xeniades_orchamus,0
1598,Xenophanes_tryxus,0
1599,Yphthimoides_renata,0
1600,Zaretis_callidryas,0
1601,Zaretis_ellops,0
1602,Zaretis_isidora,0
1603,Zaretis_itys,0
1604,Zera_nolckeni,0
1605,Electrostrymon_denarius,0
1606,Achlyodes_pallida,0
1607,Achlyodes_thraso,0
1608,Actinote_anteas,0
1609,Actinote_guatemalena,0
1610,Actinote_lapitha,0
1611,Aethilla_chiapa,0
1612,Ocaria_thales,0
1613,Zestusa_levona,0
1614,Zestusa_staudingeri,0
1615,Ziegleria_ceromia,0
1616,Zobera_albopunctata,0
1617,Zobera_marginata,0
1618,Zobera_oaxaquena,0
1619,Zopyrion_sandace,0
1620,Abaeis_nicippe,0
1621,Abaeis_nicippe,0
1622,Achalarus_casica,0
1623,Achalarus_lyciades,0
1624,Achalarus_lyciades,0
1625,Adelpha_californica,0
1626,Adelpha_californica,0
1627,Adelpha_eulalia,0
1628,Adelpha_eulalia,0
1629,Adopaeoides_prittwitzi,0
1630,Adopaeoides_prittwitzi,0
1631,Agathymus_alliae,0
1632,Agathymus_aryxna,0
1633,Agathymus_estelleae,0
1634,Agathymus_evansi,0
1635,Agathymus_mariae,0
1636,Agathymus_neumoegeni,0
1637,Agathymus_polingi,0
1638,Agathymus_stephensi,0
1639,Aglais_milberti,0
1640,Aglais_milberti,0
1641,Aglais_milberti,0
1642,Aglais_milberti,0
1643,Aglais_milberti,0
1644,Aglais_milberti,0
1645,Aglais_milberti,0
1646,Agraulis_vanillae,0
1647,Agraulis_vanillae,0
1648,Agriades_glandon,0
1649,Agriades_glandon,0
1650,Agriades_glandon,0
1651,Agriades_glandon,0
1652,Agriades_podarce,0
1653,Agriades_podarce,0
1654,Amblyscirtes_aenus,0
1655,Amblyscirtes_aenus,0
1656,Amblyscirtes_aenus,0
1657,Amblyscirtes_aenus,0
1658,Amblyscirtes_aenus,0
1659,Amblyscirtes_aenus,0
1660,Amblyscirtes_aesculapius,0
1661,Amblyscirtes_alternata,0
1662,Amblyscirtes_alternata,0
1663,Amblyscirtes_belli,0
1664,Amblyscirtes_carolina,0
1665,Amblyscirtes_carolina,0
1666,Amblyscirtes_carolina,0
1667,Amblyscirtes_cassus,0
1668,Amblyscirtes_cassus,0
1669,Amblyscirtes_cassus,0
1670,Amblyscirtes_celia,0
1671,Amblyscirtes_elissa,0
1672,Amblyscirtes_elissa,0
1673,Amblyscirtes_eos,0
1674,Amblyscirtes_eos,0
1675,Amblyscirtes_exoteria,0
1676,Amblyscirtes_fimbriata,0
1677,Amblyscirtes_hegon,0
1678,Amblyscirtes_hegon,0
1679,Amblyscirtes_hegon,0
1680,Amblyscirtes_hegon,0
1681,Amblyscirtes_hegon,0
1682,Amblyscirtes_hegon,0
1683,Amblyscirtes_linda,0
1684,Amblyscirtes_nereus,0
1685,Amblyscirtes_nereus,0
1686,Amblyscirtes_nysa,0
1687,Amblyscirtes_nysa,0
1688,Amblyscirtes_nysa,0
1689,Amblyscirtes_oslari,0
1690,Amblyscirtes_oslari,0
1691,Amblyscirtes_oslari,0
1692,Amblyscirtes_oslari,0
1693,Amblyscirtes_phylace,0
1694,Amblyscirtes_phylace,0
1695,Amblyscirtes_phylace,0
1696,Amblyscirtes_reversa,0
1697,Amblyscirtes_reversa,0
1698,Amblyscirtes_simius,0
1699,Amblyscirtes_simius,0
1700,Amblyscirtes_simius,0
1701,Amblyscirtes_simius,0
1702,Amblyscirtes_simius,0
1703,Amblyscirtes_simius,0
1704,Amblyscirtes_texanae,0
1705,Amblyscirtes_texanae,0
1706,Amblyscirtes_texanae,0
1707,Amblyscirtes_tolteca,0
1708,Amblyscirtes_vialis,0
1709,Amblyscirtes_vialis,0
1710,Amblyscirtes_vialis,0
1711,Anaea_aidea,0
1712,Anaea_aidea,0
1713,Anaea_aidea,0
1714,Anaea_aidea,0
1715,Anaea_andria,0
1716,Anaea_troglodyta,0
1717,Anartia_fatima,0
1718,Anartia_jatrophae,0
1719,Anartia_jatrophae,0
1720,Anartia_jatrophae,0
1721,Anatrytone_logan,0
1722,Anatrytone_logan,0
1723,Anatrytone_logan,0
1724,Anatrytone_logan,0
1725,Ancyloxypha_arene,0
1726,Ancyloxypha_arene,0
1727,Ancyloxypha_numitor,0
1728,Ancyloxypha_numitor,0
1729,Anteos_clorinde,0
1730,Anthanassa_texana,0
1731,Anthanassa_texana,0
1732,Anthocharis_cethura,0
1733,Anthocharis_julia,0
1734,Anthocharis_lanceolata,0
1735,Anthocharis_midea,0
1736,Anthocharis_midea,0
1737,Anthocharis_midea,0
1738,Anthocharis_midea,0
1739,Anthocharis_midea,0
1740,Anthocharis_sara,0
1741,Anthocharis_sara,0
1742,Anthocharis_sara,0
1743,Anthocharis_sara,0
1744,Anthocharis_sara,0
1745,Anthocharis_sara,0
1746,Anthocharis_stella,0
1747,Anthocharis_stella,0
1748,Anthocharis_stella,0
1749,Anthocharis_stella,0
1750,Anthocharis_stella,0
1751,Anthocharis_thoosa,0
1752,Aphrissa_statira,0
1753,Aphrissa_statira,0
1754,Apodemia_chisosensis,0
1755,Apodemia_duryi,0
1756,NA,0
1757,Apodemia_mormo,0
1758,Apodemia_mormo,0
1759,Apodemia_mormo,0
1760,Apodemia_mormo,0
1761,Apodemia_mormo,0
1762,Apodemia_mormo,0
1763,Apodemia_mormo,0
1764,Apodemia_nais,0
1765,Apodemia_nais,0
1766,Apodemia_palmeri,0
1767,Apodemia_palmeri,0
1768,Apodemia_virgulti,0
1769,Apyrrothrix_araxes,0
1770,Argyniss_nokomis,0
1771,Argyniss_nokomis,0
1772,Argynnis_adiaste,0
1773,Argynnis_adiaste,0
1774,Argynnis_aphrodite,0
1775,Argynnis_aphrodite,0
1776,Argynnis_atlantis,0
1777,Argynnis_atlantis,0
1778,Argynnis_atlantis,0
1779,Argynnis_atlantis,0
1780,Argynnis_atlantis,0
1781,Argynnis_atlantis,0
1782,Argynnis_callippe,0
1783,Argynnis_callippe,0
1784,Argynnis_coronis,0
1785,Argynnis_coronis,0
1786,Argynnis_cybele,0
1787,Argynnis_cybele,0
1788,Argynnis_cybele,0
1789,Argynnis_cybele,0
1790,Argynnis_diana,0
1791,Argynnis_diana,0
1792,Argynnis_edwardsii,0
1793,Argynnis_edwardsii,0
1794,Argynnis_edwardsii,0
1795,Argynnis_egleis,0
1796,Argynnis_egleis,0
1797,Argynnis_egleis,0
1798,Argynnis_hesperis,0
1799,Argynnis_hesperis,0
1800,Argynnis_hesperis,0
1801,Argynnis_hesperis,0
1802,Argynnis_hesperis,0
1803,Argynnis_hesperis,0
1804,Argynnis_hydaspe,0
1805,Argynnis_hydaspe,0
1806,Argynnis_idalia,0
1807,Argynnis_idalia,0
1808,Argynnis_idalia,0
1809,Argynnis_mormonia,0
1810,Argynnis_mormonia,0
1811,Argynnis_mormonia,0
1812,Argynnis_mormonia,0
1813,Argynnis_mormonia,0
1814,Arygnnis_zerene,0
1815,Arygnnis_zerene,0
1816,Arygnnis_zerene,0
1817,Asbolis_capucinus,0
1818,Asbolis_capucinus,0
1819,Ascia_monuste,0
1820,Ascia_monuste,0
1821,Ascia_monuste,0
1822,Ascia_monuste,0
1823,Asterocampa_celtis,0
1824,Asterocampa_celtis,0
1825,Asterocampa_celtis,0
1826,Asterocampa_celtis,0
1827,Asterocampa_celtis,0
1828,Asterocampa_clyton,0
1829,Asterocampa_clyton,0
1830,Asterocampa_clyton,0
1831,Asterocampa_clyton,0
1832,Asterocampa_clyton,0
1833,Asterocampa_clyton,0
1834,Asterocampa_clyton,0
1835,Asterocampa_leila,0
1836,Asterocampa_leila,0
1837,Astraptes_fulgerator,0
1838,Atalopedes_campestris,0
1839,Atalopedes_campestris,0
1840,Atlides_halesus,0
1841,Atrytone_arogos,0
1842,Atrytone_arogos,0
1843,Atrytone_arogos,0
1844,Atrytone_arogos,0
1845,Atrytone_arogos,0
1846,Atrytone_arogos,0
1847,Atrytone_arogos,0
1848,Atrytone_arogos,0
1849,Atrytonopsis_cestus,0
1850,Atrytonopsis_deva,0
1851,Atrytonopsis_edwardsi,0
1852,Atrytonopsis_edwardsi,0
1853,Atrytonopsis_hianna,0
1854,Atrytonopsis_hianna,0
1855,Atrytonopsis_hianna,0
1856,Atrytonopsis_loammi,0
1857,Atrytonopsis_loammi,0
1858,Atrytonopsis_lunus,0
1859,Atrytonopsis_pittacus,0
1860,Atrytonopsis_pittacus,0
1861,Atrytonopsis_python,0
1862,Atrytonopsis_python,0
1863,Atrytonopsis_vierecki,0
1864,Autochton_cellus,0
1865,Autochton_cellus,0
1866,Autochton_cellus,0
1867,Autochton_cellus,0
1868,Autochton_cellus,0
1869,Autochton_cellus,0
1870,Autochton_cellus,0
1871,Autochton_cellus,0
1872,Autochton_cellus,0
1873,Autochton_cellus,0
1874,Autochton_cincta,0
1875,Battus_philenor,0
1876,Battus_philenor,0
1877,Battus_philenor,0
1878,Battus_philenor,0
1879,Battus_philenor,0
1880,Battus_philenor,0
1881,Battus_polydamas,0
1882,Battus_polydamas,0
1883,Biblis_hyperia,0
1884,Boloria_alaskensis,0
1885,Boloria_alaskensis,0
1886,Boloria_alaskensis,0
1887,Boloria_alberta,0
1888,Boloria_alberta,0
1889,Boloria_astarte,0
1890,Boloria_astarte,0
1891,Boloria_astarte,0
1892,Boloria_astarte,0
1893,Boloria_astarte,0
1894,Boloria_bellona,0
1895,Boloria_bellona,0
1896,Boloria_bellona,0
1897,Boloria_bellona,0
1898,Boloria_chariclea,0
1899,Boloria_chariclea,0
1900,Boloria_chariclea,0
1901,Boloria_epithore,0
1902,Boloria_epithore,0
1903,Boloria_epithore,0
1904,Boloria_epithore,0
1905,Boloria_eunomia,0
1906,Boloria_eunomia,0
1907,Boloria_eunomia,0
1908,Boloria_eunomia,0
1909,Boloria_freija,0
1910,Boloria_freija,0
1911,Boloria_freija,0
1912,Boloria_freija,0
1913,Boloria_freija,0
1914,Boloria_freija,0
1915,Boloria_freija,0
1916,Boloria_frigga,0
1917,Boloria_frigga,0
1918,Boloria_frigga,0
1919,Boloria_frigga,0
1920,Boloria_frigga,0
1921,Boloria_improba,0
1922,Boloria_improba,0
1923,Boloria_improba,0
1924,Boloria_improba,0
1925,Boloria_improba,0
1926,Boloria_kriemhild,0
1927,Boloria_napaea,0
1928,Boloria_napaea,0
1929,Boloria_natazhati,0
1930,Boloria_natazhati,0
1931,Boloria_natazhati,0
1932,Boloria_natazhati,0
1933,Boloria_natazhati,0
1934,Boloria_polaris,0
1935,Boloria_polaris,0
1936,Bolaria_polaris,0
1937,Boloria_selene,0
1938,Boloria_selene,0
1939,Brephidium_exilis,0
1940,Brephidium_exilis,0
1941,Brephidium_pseudofea,0
1942,Brephidium_pseudofea,0
1943,Brephidium_pseudofea,0
1944,Brephidium_pseudofea,0
1945,Brephidium_pseudofea,0
1946,Cabares_potrillo,0
1947,Calephelis_arizonensis,0
1948,Calephelis_borealis,0
1949,Calephelis_borealis,0
1950,Calephelis_borealis,0
1951,Calephelis_borealis,0
1952,Calephelis_borealis,0
1953,Calephelis_borealis,0
1954,Calephelis_muticum,0
1955,Calephelis_muticum,0
1956,Calephelis_muticum,0
1957,Calephelis_muticum,0
1958,Calephelis_muticum,0
1959,Calephelis_muticum,0
1960,Calephelis_nemesis,0
1961,Calephelis_nemesis,0
1962,Calephelis_nemesis,0
1963,Calephelis_nemesis,0
1964,Calephelis_perditalis,0
1965,Calephelis_perditalis,0
1966,Calephelis_rawsoni,0
1967,Calephelis_virginiensis,0
1968,Calephelis_virginiensis,0
1969,Calephelis_virginiensis,0
1970,Calephelis_virginiensis,0
1971,Calephelis_virginiensis,0
1972,Calephelis_wrighti,0
1973,Callophrys_augustinus,0
1974,Callophrys_augustinus,0
1975,Callophrys_augustinus,0
1976,Callophrys_augustinus,0
1977,Callophrys_augustinus,0
1978,Callophrys_augustinus,0
1979,Callophrys_augustinus,0
1980,Callophrys_augustinus,0
1981,Callophrys_augustinus,0
1982,Callophrys_augustinus,0
1983,Callophrys_dumetorum,0
1984,Callophrys_dumetorum,0
1985,Callophrys_dumetorum,0
1986,Callophrys_dumetorum,0
1987,Callophrys_dumetorum,0
1988,Callophrys_dumetorum,0
1989,Callophrys_dumetorum,0
1990,Callophrys_dumetorum,0
1991,Callophrys_eryphon,0
1992,Callophrys_eryphon,0
1993,Callophrys_eryphon,0
1994,Callophrys_eryphon,0
1995,Callophrys_eryphon,0
1996,Callophrys_eryphon,0
1997,Callophrys_eryphon,0
1998,Callophrys_eryphon,0
1999,Callophrys_eryphon,0
2000,Callophrys_eryphon,0
2001,Callophrys_eryphon,0
2002,Callophrys_fotis,0
2003,Callophrys_gryneus,0
2004,Callophrys_gryneus,0
2005,Callophrys_gryneus,0
2006,Callophrys_gryneus,0
2007,Callophrys_gryneus,0
2008,Callophrys_gryneus,0
2009,Callophrys_henrici,0
2010,Callophrys_henrici,0
2011,Callophrys_henrici,0
2012,Callophrys_henrici,0
2013,Callophrys_henrici,0
2014,Callophrys_henrici,0
2015,Callophrys_henrici,0
2016,Callophrys_henrici,0
2017,Callophrys_henrici,0
2018,Callophrys_henrici,0
2019,Callophrys_henrici,0
2020,Callophrys_henrici,0
2021,Callophrys_hesseli,0
2022,Callophrys_hesseli,0
2023,Callophrys_hesseli,0
2024,Callophrys_irus,0
2025,Callophrys_irus,0
2026,Callophrys_irus,0
2027,Callophrys_irus,0
2028,Callophrys_irus,0
2029,Callophrys_irus,0
2030,Callophrys_johnsoni,0
2031,Callophrys_johnsoni,0
2032,Callophrys_johnsoni,0
2033,Callophrys_johnsoni,0
2034,Callophrys_lanoraieensis,0
2035,Callophrys_lanoraieensis,0
2036,Callophrys_lanoraieensis,0
2037,Callophrys_lanoraieensis,0
2038,Callophrys_lanoraieensis,0
2039,Callophrys_lanoraieensis,0
2040,Callophrys_mcfarlandi,0
2041,Callophrys_mossii,0
2042,Callophrys_mossii,0
2043,Callophrys_mossii,0
2044,Callophrys_mossii,0
2045,Callophrys_mossii,0
2046,Callophrys_mossii,0
2047,Callophrys_muiri,0
2048,Callophrys_nelsoni,0
2049,Callophrys_nelsoni,0
2050,Callophrys_niphon,0
2051,Callophrys_niphon,0
2052,Callophrys_perplexa,0
2053,Callophrys_perplexa,0
2054,Callophrys_polios,0
2055,Callophrys_polios,0
2056,Callophrys_polios,0
2057,Callophrys_polios,0
2058,Callophrys_polio,0
2059,Callophrys_polios,0
2060,Callophrys_polios,0
2061,Callophrys_polios,0
2062,Callophrys_polios,0
2063,Callophrys_polios,0
2064,Callophrys_polios,0
2065,Callophrys_polios,0
2066,Callophrys_polios,0
2067,Callophrys_sheridanii,0
2068,Callophrys_sheridanii,0
2069,Callophrys_sheridanii,0
2070,Callophrys_sheridanii,0
2071,Callophrys_sheridanii,0
2072,Callophrys_sheridanii,0
2073,Callophrys_spinetorum,0
2074,Callophrys_spinetorum,0
2075,Callophrys_thornei,0
2076,Callophrys_xami,0
2077,Callophrys_xami,0
2078,Callophrys_xami,0
2079,Calpodes_ethlius,0
2080,Calpodes_ethlius,0
2081,Calycopis_cecrops,0
2082,Calycopis_cecrops,0
2083,Calycopis_isobeon,0
2084,Calycopis_isobeon,0
2085,Caria_ino,0
2086,Caria_ino,0
2087,Carterocephalus_palaemon,0
2088,Carterocephalus_palaemon,0
2089,Carterocephalus_palaemon,0
2090,Carterocephalus_palaemon,0
2091,Celastrina_neglectamajor,0
2092,Celastrina_neglectamajor,0
2093,Celastrina_nigra,0
2094,Celastrina_nigra,0
2095,Celastrina_nigra,0
2096,Celastrina_nigra,0
2097,Celastrina_nigra,0
2098,Celotes_limpia,0
2099,Celotes_nessus,0
2100,Cercyonis_meadii,0
2101,Cercyonis_meadii,0
2102,Cercyonis_meadii,0
2103,Cercyonis_oetus,0
2104,Cercyonis_oetus,0
2105,Cercyonis_oetus,0
2106,Cercyonis_oetus,0
2107,Cercyonis_oetus,0
2108,Cercyonis_pegala,0
2109,Cercyonis_pegala,0
2110,Cercyonis_pegala,0
2111,Cercyonis_pegala,0
2112,Cercyonis_sthenele,0
2113,Cercyonis_sthenele,0
2114,Chioides_albofasciatus,0
2115,Chioides_albofasciatus,0
2116,Chioides_albofasciatus,0
2117,Chioides_zilpa,0
2118,Chiomara_georgina,0
2119,Chiomara_georgina,0
2120,Chiomara_georgina,0
2121,Chlorostrymon_maesites,0
2122,Chlorostrymon_simaethis,0
2123,Chlorostrymon_simaethis,0
2124,Chlorostrymon_simaethis,0
2125,Chlorostrymon_simaethis,0
2126,Chlosyne_acastus,0
2127,Chlosyne_acastus,0
2128,Chlosyne_acastus,0
2129,Chlosyne_acastus,0
2130,Chlosyne_californica,0
2131,Chlosyne_cyneas,0
2132,Chlosyne_definita,0
2133,Chlosyne_definita,0
2134,Chlosyne_endeis,0
2135,Chlosyne_fulvia,0
2136,Chlosyne_gabbii,0
2137,Chlosyne_gorgone,0
2138,Chlosyne_gorgone,0
2139,Chlosyne_gorgone,0
2140,Chlosyne_gorgone,0
2141,Chlosyne_gorgone,0
2142,Chlosyne_gorgone,0
2143,Chlosyne_gorgone,0
2144,Chlosyne_harrisii,0
2145,Chlosyne_harrisii,0
2146,Chlosyne_harrisii,0
2147,Chlosyne_hoffmanni,0
2148,Chlosyne_hoffmanni,0
2149,Chlosyne_hoffmanni,0
2150,Chlosyne_janais,0
2151,Chlosyne_lacinia,0
2152,Chlosyne_lacinia,0
2153,Chlosyne_leanira,0
2154,Chlosyne_nycteis,0
2155,Chlosyne_nycteis,0
2156,Chlosyne_nycteis,0
2157,Chlosyne_nycteis,0
2158,Chlosyne_nycteis,0
2159,Chlosyne_nycteis,0
2160,Chlosyne_palla,0
2161,Chlosyne_palla,0
2162,Chlosyne_palla,0
2163,Chlosyne_theona,0
2164,Chlosyne_theona,0
2165,Chlosyne_theona,0
2166,Chlosyne_whitneyi,0
2167,Chlosyne_whitneyi,0
2168,Chlosyne_whitneyi,0
2169,Chlosyne_whitneyi,0
2170,Chlosyne_whitneyi,0
2171,Chlosyne_whitneyi,0
2172,Chlosyne_whitneyi,0
2173,Chlosyne_whitneyi,0
2174,Chlosyne_whitneyi,0
2175,Chlosyne_whitneyi,0
2176,Chlosyne_whitneyi,0
2177,Codatractus_arizonensis,0
2178,Codatractus_valeriana,0
2179,Coenonympha_haydenii,0
2180,Coenonympha_tullia,0
2181,Coenonympha_tullia,0
2182,Coenonympha_tullia,0
2183,Coenonympha_tullia,0
2184,Coenonympha_tullia,0
2185,Coenonympha_tullia,0
2186,Coenonympha_tullia,0
2187,Coenonympha_tullia,0
2188,Coenonympha_tullia,0
2189,Coenonympha_tullia,0
2190,Coenonympha_tullia,0
2191,Coenonympha_tullia,0
2192,Cogia_caicus,0
2193,Cogia_calchas,0
2194,Cogia_hippalus,0
2195,Cogia_hippalus,0
2196,Cogia_hippalus,0
2197,Cogia_outis,0
2198,Colias_alexandra,0
2199,Colias_alexandra,0
2200,Colias_behrii,0
2201,Colias_canadensis,0
2202,Colias_canadensis,0
2203,Colias_christina,0
2204,Colias_christina,0
2205,Colias_christina,0
2206,Colias_christina,0
2207,Colias_christina,0
2208,Colias_erate,0
2209,Colias_erate,0
2210,Colias_erate,0
2211,Colias_erate,0
2212,Colias_erate,0
2213,Colias_erate,0
2214,Colias_erate,0
2215,Colias_eurytheme,0
2216,Colias_eurytheme,0
2217,Colias_eurytheme,0
2218,Colias_eurytheme,0
2219,Colias_eurytheme,0
2220,Colias_harfordii,0
2221,Colias_hecla,0
2222,Colias_hecla,0
2223,Colias_hecla,0
2224,Colias_hyperborea,0
2225,Colias_interior,0
2226,Colias_interior,0
2227,Colias_interior,0
2228,Colias_interior,0
2229,Colias_interior,0
2230,Colias_interior,0
2231,Colias_interior,0
2232,Colias_interior,0
2233,Colias_interior,0
2234,Colias_interior,0
2235,Colias_interior,0
2236,Colias_interior,0
2237,Colias_interior,0
2238,Colias_meadii,0
2239,Colias_meadii,0
2240,Colias_meadii,0
2241,Colias_meadii,0
2242,Colias_meadii,0
2243,Colias_nastes,0
2244,Colias_nastes,0
2245,Colias_nastes,0
2246,Colias_occidentalis,0
2247,Colias_occidentalis,0
2248,Colias_occidentalis,0
2249,Colias_palaeno,0
2250,Colias_palaeno,0
2251,Colias_palaeno,0
2252,Colias_pelidne,0
2253,Colias_pelidne,0
2254,Colias_pelidne,0
2255,Colias_pelidne,0
2256,Colias_pelidne,0
2257,Colias_pelidne,0
2258,Colias_pelidne,0
2259,Colias_pelidne,0
2260,Colias_philodice,0
2261,Colias_philodice,0
2262,Colias_philodice,0
2263,Colias_philodice,0
2264,Colias_philodice,0
2265,Colias_scudderii,0
2266,Colias_scudderii,0
2267,Colias_tyche,0
2268,Colias_tyche,0
2269,Copaeodes_aurantiaca,0
2270,Copaeodes_aurantiaca,0
2271,Copaeodes_aurantiaca,0
2272,Copaeodes_minima,0
2273,Copaeodes_minima,0
2274,Copaeodes_minima,0
2275,Cupido_amyntula,0
2276,Cupido_amyntula,0
2277,Cupido_amyntula,0
2278,Cupido_amyntula,0
2279,Cupido_amyntula,0
2280,Cupido_comyntas,0
2281,Cupido_comyntas,0
2282,Cupido_comyntas,0
2283,Cupido_comyntas,0
2284,Cupido_comyntas,0
2285,Cupido_comyntas,0
2286,Cupido_comyntas,0
2287,Cupido_comyntas,0
2288,Cyclargus_thomasi,0
2289,Cyllopsis_gemma,0
2290,Cyllopsis_pertepida,0
2291,Cyllopsis_pertepida,0
2292,Cyllopsis_pyracmon,0
2293,Cymaenes_trebius,0
2294,Cymaenes_tripunctus,0
2295,Cymaenes_tripunctus,0
2296,Danaus_eresimus,0
2297,Danaus_eresimus,0
2298,Danaus_gilippus,0
2299,Danaus_gilippus,0
2300,Danaus_gilippus,0
2301,Danaus_gilippus,0
2302,Danaus_plexippus,0
2303,Danaus_plexippus,0
2304,Danaus_plexippus,0
2305,Danaus_plexippus,0
2306,Danaus_plexippus,0
2307,Decinea_percosius,0
2308,Dione_moneta,0
2309,Dryas_iulia,0
2310,Dryas_iulia,0
2311,Dymasia_dymas,0
2312,Eantis_tamenund,0
2313,Eantis_tamenund,0
2314,Echinargus_isola,0
2315,Echinargus_isola,0
2316,Electrostrymon_angelia,0
2317,Electrostrymon_angelia,0
2318,Electrostrymon_hugon,0
2319,Emesis_ares,0
2320,Emesis_zela,0
2321,Epargyreus_clarus,0
2322,Epargyreus_clarus,0
2323,Epargyreus_clarus,0
2324,Epargyreus_clarus,0
2325,Epargyreus_clarus,0
2326,Epargyreus_zestos,0
2327,Ephyriades_brunnea,0
2328,Erebia_aethiops,0
2329,Erebia_aethiops,0
2330,Erebia_aethiops,0
2331,Erebia_aethiops,0
2332,Erebia_aethiops,0
2333,Erebia_aethiops,0
2334,Erebia_aethiops,0
2335,Erebia_aethiops,0
2336,Erebia_callias,0
2337,Erebia_callias,0
2338,Erebia_callias,0
2339,Erebia_disa,0
2340,Erebia_disa,0
2341,Erebia_disa,0
2342,Erebia_discoidalis,0
2343,Erebia_discoidalis,0
2344,Erebia_epipsodea,0
2345,Erebia_epipsodea,0
2346,Erebia_fasciata,0
2347,Erebia_fasciata,0
2348,Erebia_lafontainei,0
2349,Erebia_lafontainei,0
2350,Erebia_lafontainei,0
2351,Erebia_mancinus,0
2352,Erebia_mancinus,0
2353,Erebia_mancinus,0
2354,Erebia_occulta,0
2355,Erebia_occulta,0
2356,Erebia_occulta,0
2357,Erebia_pawloskii,0
2358,Erebia_pawloskii,0
2359,Erebia_pawloskii,0
2360,Erebia_pawloskii,0
2361,Erebia_pawloskii,0
2362,Erebia_pawloskii,0
2363,Erebia_pawloskii,0
2364,Erebia_pawloskii,0
2365,Erebia_pawloskii,0
2366,Erebia_rossii,0
2367,Erebia_rossii,0
2368,Erebia_rossii,0
2369,Erebia_rossii,0
2370,Erebia_rossii,0
2371,Erebia_rossii,0
2372,Erebia_vidleri,0
2373,Erebia_vidleri,0
2374,Erebia_vidleri,0
2375,Erebia_vidleri,0
2376,Erebia_vidleri,0
2377,Erebia_vidleri,0
2378,Erebia_rossii,0
2379,Erebia_rossii,0
2380,Erebia_rossii,0
2381,Erebia_rossii,0
2382,Erebia_rossii,0
2383,Erebia_rossii,0
2384,Erebia_rossii,0
2385,Erebia_vidleri,0
2386,Erebia_vidleri,0
2387,Erebia_vidleri,0
2388,Erebia_vidleri,0
2389,Erebia_vidleri,0
2390,Erebia_vidleri,0
2391,Erebia_youngi,0
2392,Erebia_youngi,0
2393,Erora_laeta,0
2394,Erora_laeta,0
2395,Erora_laeta,0
2396,Erora_laeta,0
2397,Erora_laeta,0
2398,Erora_quaderna,0
2399,Erynnis_afranius,0
2400,Erynnis_afranius,0
2401,Erynnis_afranius,0
2402,Erynnis_afranius,0
2403,Erynnis_afranius,0
2404,Erynnis_baptisiae,0
2405,Erynnis_baptisiae,0
2406,Erynnis_brizo,0
2407,Erynnis_brizo,0
2408,Erynnis_brizo,0
2409,Erynnis_brizo,0
2410,Erynnis_brizo,0
2411,Erynnis_brizo,0
2412,Erynnis_brizo,0
2413,Erynnis_funeralis,0
2414,Erynnis_funeralis,0
2415,Erynnis_funeralis,0
2416,Erynnis_horatius,0
2417,Erynnis_horatius,0
2418,Erynnis_horatius,0
2419,Erynnis_icelus,0
2420,Erynnis_icelus,0
2421,Erynnis_icelus,0
2422,Erynnis_icelus,0
2423,Erynnis_icelus,0
2424,Erynnis_icelus,0
2425,Erynnis_icelus,0
2426,Erynnis_juvenalis,0
2427,Erynnis_juvenalis,0
2428,Erynnis_juvenalis,0
2429,Erynnis_juvenalis,0
2430,Erynnis_juvenalis,0
2431,Erynnis_lucilius,0
2432,Erynnis_lucilius,0
2433,Erynnis_lucilius,0
2434,Erynnis_lucilius,0
2435,Erynnis_lucilius,0
2436,Erynnis_lucilius,0
2437,Erynnis_martialis,0
2438,Erynnis_martialis,0
2439,Erynnis_martialis,0
2440,Erynnis_martialis,0
2441,Erynnis_martialis,0
2442,Erynnis_meridianus,0
2443,Erynnis_meridianus,0
2444,Erynnis_meridianus,0
2445,Erynnis_meridianus,0
2446,Erynnis_pacuvius,0
2447,Erynnis_pacuvius,0
2448,Erynnis_pacuvius,0
2449,Erynnis_persius,0
2450,Erynnis_persius,0
2451,Erynnis_persius,0
2452,Erynnis_persius,0
2453,Erynnis_persius,0
2454,Erynnis_persius,0
2455,Erynnis_persius,0
2456,Erynnis_persius,0
2457,Erynnis_persius,0
2458,Erynnis_propertius,0
2459,Erynnis_propertius,0
2460,Erynnis_scudderi,0
2461,Erynnis_scudderi,0
2462,Erynnis_telemachus,0
2463,Erynnis_tristis,0
2464,Erynnis_tristis,0
2465,Erynnis_tristis,0
2466,Erynnis_zarucco,0
2467,Erynnis_zarucco,0
2468,Euchloe_ausonides,0
2469,Euchloe_ausonides,0
2470,Euchloe_ausonides,0
2471,Euchloe_ausonides,0
2472,Euchloe_ausonides,0
2473,Euchloe_creusa,0
2474,Euchloe_creusa,0
2475,Euchloe_creusa,0
2476,Euchloe_creusa,0
2477,Euchloe_hyantis,0
2478,Euchloe_hyantis,0
2479,Euchloe_lotta,0
2480,Euchloe_lotta,0
2481,Euchloe_naina,0
2482,Euchloe_naina,0
2483,Euchloe_olympia,0
2484,Euchloe_olympia,0
2485,Euchloe_olympia,0
2486,Eumaeus_atala,0
2487,Eunica_monima,0
2488,Eunica_monima,0
2489,Eunica_tatila,0
2490,Euphilotes_ancilla,0
2491,Euphilotes_ancilla,0
2492,Euphilotes_battoides,0
2493,Euphilotes_battoides,0
2494,Euphilotes_battoides,0
2495,Euphilotes_battoides,0
2496,Euphilotes_battoides,0
2497,Euphilotes_battoides,0
2498,Euphilotes_bernardino,0
2499,Euphilotes_centralis,0
2500,Euphilotes_enoptes,0
2501,Euphilotes_glaucon,0
2502,Euphilotes_mojave,0
2503,Euphilotes_pallescens,0
2504,Euphilotes_pallescens,0
2505,Euphilotes_rita,0
2506,Euphilotes_rita,0
2507,Euphilotes_spaldingi,0
2508,Euphydryas_anicia,0
2509,Euphydryas_anicia,0
2510,Euphydryas_anicia,0
2511,Euphydryas_anicia,0
2512,Euphydryas_anicia,0
2513,Euphydryas_anicia,0
2514,Euphydryas_anicia,0
2515,Euphydryas_chalcedona,0
2516,Euphydryas_chalcedona,0
2517,Euphydryas_chalcedona,0
2518,Euphydryas_chalcedona,0
2519,Euphydryas_chalcedona,0
2520,Euphydryas_chalcedona,0
2521,Euphydryas_chalcedona,0
2522,Euphydryas_editha,0
2523,Euphydryas_editha,0
2524,Euphydryas_editha,0
2525,Euphydryas_gillettii,0
2526,Euphydryas_gillettii,0
2527,Euphydryas_phaeton,0
2528,Euphydryas_phaeton,0
2529,Euphyes_arpa,0
2530,Euphyes_bayensis,0
2531,Euphyes_berryi,0
2532,Euphyes_berryi,0
2533,Euphyes_bimacula,0
2534,Euphyes_bimacula,0
2535,Euphyes_bimacula,0
2536,Euphyes_bimacula,0
2537,Euphyes_conspicua,0
2538,Euphyes_conspicua,0
2539,Euphyes_conspicua,0
2540,Euphyes_conspicua,0
2541,Euphyes_dion,0
2542,Euphyes_dion,0
2543,Euphyes_dion,0
2544,Euphyes_dukesi,0
2545,Euphyes_dukesi,0
2546,Euphyes_dukesi,0
2547,Euphyes_dukesi,0
2548,Euphyes_dukesi,0
2549,Euphyes_pilatka,0
2550,Euphyes_pilatka,0
2551,Euphyes_pilatka,0
2552,Euphyes_vestris,0
2553,Euphyes_vestris,0
2554,Euphyes_vestris,0
2555,Euphyes_vestris,0
2556,Euphyes_vestris,0
2557,Euphyes_vestris,0
2558,Euphyes_vestris,0
2559,Euphyes_vestris,0
2560,Euphyes_vestris,0
2561,Euphyes_vestris,0
2562,Euptoieta_claudia,0
2563,Euptoieta_claudia,0
2564,Euptoieta_claudia,0
2565,Euptoiete_hegesia,0
2566,Euptoiete_hegesia,0
2567,Eurema_boisduvaliana,0
2568,Eurema_boisduvaliana,0
2569,Eurema_daira,0
2570,Eurema_daira,0
2571,Eurema_daira,0
2572,Eurema_mexicana,0
2573,Eurema_mexicana,0
2574,Eurema_mexicana,0
2575,Eurytides_marcellus,0
2576,Eurytides_marcellus,0
2577,Eurytides_marcellus,0
2578,Feniseca_tarquinius,0
2579,Feniseca_tarquinius,0
2580,Ganyra_josephina,0
2581,Gesta_invisus,0
2582,Gesta_invisus,0
2583,Glaucopsyche_lygdamus,0
2584,Glaucopsyche_lygdamus,0
2585,Glaucopsyche_lygdamus,0
2586,Glaucopsyche_lygdamus,0
2587,Glaucopsyche_lygdamus,0
2588,Glaucopsyche_lygdamus,0
2589,Glaucopsyche_lygdamus,0
2590,Glaucopsyche_lygdamus,0
2591,Glaucopsyche_lygdamus,0
2592,Glaucopsyche_lygdamus,0
2593,Glaucopsyche_lygdamus,0
2594,Glaucopsyche_lygdamus,0
2595,Glaucopsyche_lygdamus,0
2596,Glaucopsyche_piasus,0
2597,Glaucopsyche_piasus,0
2598,Glaucopsyche_piasus,0
2599,Glutophrissa_drusilla,0
2600,Glutophrissa_drusilla,0
2601,Gyrocheilus_patrobas,0
2602,Habrodais_grunus,0
2603,Habrodais_grunus,0
2604,Habrodais_grunus,0
2605,Hamadryas_februa,0
2606,Heliconius_charithonia,0
2607,Heliconius_charithonia,0
2608,Heliconius_charithonia,0
2609,Heliopetes_ericetorum,0
2610,Heliopetes_ericetorum,0
2611,Heliopetes_macaira,0
2612,Heliopetes_macaira,0
2613,Heliopyrgus_domicella,0
2614,Heliopyrgus_domicella,0
2615,Heliopyrgus_domicella,0
2616,Heliopyrgus_laviana,0
2617,Heliopyrgus_laviana,0
2618,Heliopyrgus_laviana,0
2619,Hemiargus_hanno,0
2620,Hemiargus_hanno,0
2621,Hemiargus_hanno,0
2622,Hemiargus_hanno,0
2623,Heraclides_anchisiades,0
2624,Heraclides_andraemon,0
2625,Heraclides_aristodemus,0
2626,Heraclides_cresphontes,0
2627,Heraclides_cresphontes,0
2628,Heraclides_cresphontes,0
2629,Heraclides_cresphontes,0
2630,Papilio_palamedes,0
2631,Hermeuptychia_sosybius,0
2632,Hesperia_assiniboia,0
2633,Hesperia_assiniboia,0
2634,Hesperia_attalus,0
2635,Hesperia_attalus,0
2636,Hesperia_attalus,0
2637,Hesperia_attalus,0
2638,Hesperia_colorado,0
2639,Hesperia_colorado,0
2640,Hesperia_colorado,0
2641,Hesperia_colorado,0
2642,Hesperia_colorado,0
2643,Hesperia_colorado,0
2644,Hesperia_colorado,0
2645,Hesperia_colorado,0
2646,Hesperia_columbia,0
2647,Hesperia_comma,0
2648,Hesperia_comma,0
2649,Hesperia_comma,0
2650,Hesperia_comma,0
2651,Hesperia_comma,0
2652,Hesperia_comma,0
2653,Hesperia_dacotae,0
2654,Hesperia_dacotae,0
2655,Hesperia_juba,0
2656,Hesperia_juba,0
2657,Hesperia_juba,0
2658,Hesperia_juba,0
2659,Hesperia_juba,0
2660,Hesperia_juba,0
2661,Hesperia_juba,0
2662,Hesperia_juba,0
2663,Hesperia_juba,0
2664,Hesperia_leonardus,0
2665,Hesperia_leonardus,0
2666,Hesperia_leonardus,0
2667,Hesperia_leonardus,0
2668,Hesperia_leonardus,0
2669,Hesperia_leonardus,0
2670,Hesperia_lindseyi,0
2671,Hesperia_meskei,0
2672,Hesperia_meskei,0
2673,Hesperia_meskei,0
2674,Hesperia_meskei,0
2675,Hesperia_meskei,0
2676,Hesperia_metea,0
2677,Hesperia_metea,0
2678,Hesperia_metea,0
2679,Hesperia_metea,0
2680,Hesperia_metea,0
2681,Hesperia_metea,0
2682,Hesperia_metea,0
2683,Hesperia_metea,0
2684,Hesperia_metea,0
2685,Hesperia_metea,0
2686,Hesperia_metea,0
2687,Hesperia_miriamae,0
2688,Hesperia_miriamae,0
2689,Hesperia_nevada,0
2690,Hesperia_nevada,0
2691,Hesperia_nevada,0
2692,Hesperia_nevada,0
2693,Hesperia_nevada,0
2694,Hesperia_nevada,0
2695,Hesperia_nevada,0
2696,Hesperia_nevada,0
2697,Hesperia_ottoe,0
2698,Hesperia_ottoe,0
2699,Hesperia_ottoe,0
2700,Hesperia_pahaska,0
2701,Hesperia_pahaska,0
2702,Hesperia_pahaska,0
2703,Hesperia_pahaska,0
2704,Hesperia_pahaska,0
2705,Hesperia_pahaska,0
2706,Hesperia_pahaska,0
2707,Hesperia_pahaska,0
2708,Hesperia_pahaska,0
2709,Hesperia_sassacus,0
2710,Hesperia_sassacus,0
2711,Hesperia_sassacus,0
2712,Hesperia_uncas,0
2713,Hesperia_uncas,0
2714,Hesperia_uncas,0
2715,Hesperia_uncas,0
2716,Hesperia_uncas,0
2717,Hesperia_uncas,0
2718,Hesperia_viridis,0
2719,Hesperia_viridis,0
2720,Hesperia_viridis,0
2721,Hesperia_woodgatei,0
2722,Hesperia_woodgatei,0
2723,Hesperia_woodgatei,0
2724,Hesperopsis_alpheus,0
2725,Hesperopsis_alpheus,0
2726,Hesperopsis_alpheus,0
2727,Hesperopsis_alpheus,0
2728,Hesperopsis_gracielae,0
2729,Hesperopsis_libya,0
2730,Hesperopsis_libya,0
2731,Hylephila_phyleus,0
2732,Hylephila_phyleus,0
2733,Hylephila_phyleus,0
2734,Hylephila_phyleus,0
2735,Hypaurotis_crysalus,0
2736,Hypaurotis_crysalus,0
2737,Hypaurotis_crysalus,0
2738,Hypaurotis_crysalus,0
2739,Hypaurotis_crysalus,0
2740,Icaricia_acmon,0
2741,Icaricia_acmon,0
2742,Icaricia_acmon,0
2743,Icaricia_acmon,0
2744,Icaricia_icarioides,0
2745,Icaricia_icarioides,0
2746,Icaricia_icarioides,0
2747,Icaricia_icarioides,0
2748,Icaricia_icarioides,0
2749,Icaricia_icarioides,0
2750,Icaricia_icarioides,0
2751,Icaricia_icarioides,0
2752,Icaricia_icarioides,0
2753,Icaricia_lupini,0
2754,Icaricia_neurona,0
2755,Icaricia_saepiolus,0
2756,Icaricia_saepiolus,0
2757,Icaricia_saepiolus,0
2758,Icaricia_saepiolus,0
2759,Icaricia_saepiolus,0
2760,Icaricia_saepiolus,0
2761,Icaricia_saepiolus,0
2762,Icaricia_saepiolus,0
2763,Icaricia_saepiolus,0
2764,Icaricia_saepiolus,0
2765,Icaricia_shasta,0
2766,Icaricia_shasta,0
2767,Icaricia_shasta,0
2768,Icaricia_shasta,0
2769,Icaricia_shasta,0
2770,Junonia_coenia,0
2771,Junonia_coenia,0
2772,Junonia_coenia,0
2773,Junonia_evarete,0
2774,Junonia_genoveva,0
2775,Kricogonia_lyside,0
2776,Kricogonia_lyside,0
2777,Lasaia_sula,0
2778,Leptotes_cassius,0
2779,Leptotes_cassius,0
2780,Leptotes_cassius,0
2781,Leptotes_cassius,0
2782,Leptotes_marina,0
2783,Leptotes_marina,0
2784,Lerema_accius,0
2785,Lerema_accius,0
2786,Lerema_accius,0
2787,Lerema_accius,0
2788,Lerodea_arabus,0
2789,Lerodea_arabus,0
2790,Lerodea_eufala,0
2791,Lerodea_eufala,0
2792,Lerodea_eufala,0
2793,Lerodea_eufala,0
2794,Lethe_anthedon,0
2795,Lethe_anthedon,0
2796,Lethe_anthedon,0
2797,Lethe_anthedon,0
2798,Lethe_appalachia,0
2799,Lethe_appalachia,0
2800,Lethe_appalachia,0
2801,Lethe_appalachia,0
2802,Lethe_creola,0
2803,Lethe_eurydice,0
2804,Lethe_eurydice,0
2805,Lethe_eurydice,0
2806,Lethe_eurydice,0
2807,Lethe_eurydice,0
2808,Lethe_eurydice,0
2809,Lethe_eurydice,0
2810,Lethe_eurydice,0
2811,Lethe_portlandia,0
2812,Lethe_portlandia,0
2813,Lethe_portlandia,0
2814,Limenitis_archippus,0
2815,Limenitis_archippus,0
2816,Limenities_arthemis,0
2817,Limenities_arthemis,0
2818,Limenities_arthemis,0
2819,Limenities_arthemis,0
2820,Limenities_arthemis,0
2821,Limenities_arthemis,0
2822,Limenitis_arthemis,0
2823,Limenitis_arthemis,0
2824,Limenitis_arthemis,0
2825,Limenitis_arthemis,0
2826,Limenitis_lorquini,0
2827,Limenitis_lorquini,0
2828,Limenitis_lorquini,0
2829,Limenitis_lorquini,0
2830,Limenitis_lorquini,0
2831,Limenitis_weidemeyerii,0
2832,Limenitis_weidemeyerii,0
2833,Limenitis_weidemeyerii,0
2834,Lycaena_arota,0
2835,Lycaena_arota,0
2836,Lycaena_cupreus,0
2837,Lycaena_cupreus,0
2838,Lycaena_cupreus,0
2839,Lycaena_cupreus,0
2840,Lycaena_cupreus,0
2841,Lycaena_cupreus,0
2842,Lycaena_cupreus,0
2843,Lycaena_dione,0
2844,Lycaena_dione,0
2845,Lycaena_dorcas,0
2846,Lycaena_dorcas,0
2847,Lycaena_dorcas,0
2848,Lycaena_dorcas,0
2849,Lycaena_dorcas,0
2850,Lycaena_dorcas,0
2851,Lycaena_dorcas,0
2852,Lycaena_dorcas,0
2853,Lycaena_editha,0
2854,Lycaena_editha,0
2855,Lycaena_epixanthe,0
2856,Lycaena_epixanthe,0
2857,Lycaena_epixanthe,0
2858,Lycaena_ferrisi,0
2859,Lycaena_gorgon,0
2860,Lycaena_helloides,0
2861,Lycaena_helloides,0
2862,Lycaena_helloides,0
2863,Lycaena_helloides,0
2864,Lycaena_hermes,0
2865,NA,0
2866,Lycaena_heteronea,0
2867,Lycaena_heteronea,0
2868,Lycaena_heteronea,0
2869,Lycaena_heteronea,0
2870,Lycaena_hyllus,0
2871,Lycaena_hyllus,0
2872,Lycaena_hyllus,0
2873,Lycaena_mariposa,0
2874,Lycaena_mariposa,0
2875,Lycaena_mariposa,0
2876,Lycaena_mariposa,0
2877,Lycaena_mariposa,0
2878,Lycaena_mariposa,0
2879,Lycaena_nivalis,0
2880,Lycaena_nivalis,0
2881,Lycaena_phlaeas,0
2882,Lycaena_phlaeas,0
2883,Lycaena_phlaeas,0
2884,Lycaena_phlaeas,0
2885,Lycaena_phlaeas,0
2886,Lycaena_phlaeas,0
2887,Lycaena_phlaeas,0
2888,Lycaena_phlaeas,0
2889,Lycaena_phlaeas,0
2890,Lycaena_phlaeas,0
2891,Lycaena_phlaeas,0
2892,Lycaena_phlaeas,0
2893,Lycaena_phlaeas,0
2894,Lycaena_phlaeas,0
2895,Lycaena_phlaeas,0
2896,Lycaena_rubidus,0
2897,Lycaena_rubidus,0
2898,Lycaena_rubidus,0
2899,Lycaena_xanthoides,0
2900,Lycaena_xanthoides,0
2901,Marpesia_petreus,0
2902,Marpesia_petreus,0
2903,Megathymus_cofaqui,0
2904,Megathymus_streckeri,0
2905,Megathymus_streckeri,0
2906,Megathymus_streckeri,0
2907,Megathymus_streckeri,0
2908,Megathymus_streckeri,0
2909,Megathymus_streckeri,0
2910,Megathymus_ursus,0
2911,Megathymus_ursus,0
2912,Megathymus_ursus,0
2913,Megathymus_yuccae,0
2914,Megisto_cymela,0
2915,Megisto_cymela,0
2916,Megisto_cymela,0
2917,Megisto_cymela,0
2918,Megisto_cymela,0
2919,Megisto_cymela,0
2920,Megisto_cymela,0
2921,Megisto_rubricata,0
2922,Megisto_rubricata,0
2923,Melanis_pixe,0
2924,Memphis_pithyusa,0
2925,Mestra_dorcas,0
2926,Mestra_dorcas,0
2927,Mestra_dorcas,0
2928,Ministrymon_azia,0
2929,Ministrymon_azia,0
2930,Ministrymon_clytie,0
2931,Ministrymon_clytie,0
2932,Ministrymon_leda,0
2933,Ministrymon_leda,0
2934,Monca_crispinus,0
2935,Myscelia_ethusa,0
2936,Nestra_julia,0
2937,Nestra_julia,0
2938,Nestra_julia,0
2939,Nastra_lherminier,0
2940,Nastra_lherminier,0
2941,Nastra_lherminier,0
2942,Nastra_neamathla,0
2943,Nastra_neamathla,0
2944,Nathalis_iole,0
2945,Nathalis_iole,0
2946,Neominois_ridingsii,0
2947,Neominois_ridingsii,0
2948,Neominois_ridingsii,0
2949,Neominois_ridingsii,0
2950,Neonympha_areolatus,0
2951,Neonympha_areolatus,0
2952,Neonympha_areolatus,0
2953,Nyonympha_helicta,0
2954,Nyonympha_helicta,0
2955,Nyonympha_helicta,0
2956,Neonympha_mitchellii,0
2957,Neonympha_mitchellii,0
2958,Neonympha_mitchellii,0
2959,Neophasia_menapia,0
2960,Neophasia_menapia,0
2961,Neophasia_menapia,0
2962,Neophasia_menapia,0
2963,Neophasia_menapia,0
2964,Neophasia_menapia,0
2965,Neophasia_menapia,0
2966,Neophasia_terlooii,0
2967,Neophasia_terlooii,0
2968,Neophasia_terlooii,0
2969,Neophasia_terlooii,0
2970,Neophasia_terlooii,0
2971,Nymphalis_antiopa,0
2972,Nymphalis_antiopa,0
2973,Nymphalis_antiopa,0
2974,Nymphalis_antiopa,0
2975,Nymphalis_antiopa,0
2976,Nymphalis_antiopa,0
2977,Nymphalis_californica,0
2978,Nymphalis_californica,0
2979,Nymphalis_californica,0
2980,Nymphalis_californica,0
2981,Nymphalis_l-album,0
2982,Nymphalis_l-album,0
2983,Oarisma_edwardsii,0
2984,Oarisma_garita,0
2985,Oarisma_garita,0
2986,Oarisma_garita,0
2987,Oarisma_poweshiek,0
2988,Oarisma_poweshiek,0
2989,Oarisma_poweshiek,0
2990,Oarisma_poweshiek,0
2991,Oarisma_poweshiek,0
2992,Oarisma_poweshiek,0
2993,Ochlodes_agricola,0
2994,Ochlodes_sylvanoides,0
2995,Ochlodes_sylvanoides,0
2996,Ochlodes_sylvanoides,0
2997,Ochlodes_yuma,0
2998,Ochlodes_yuma,0
2999,Ochlodes_yuma,0
3000,Ochlodes_yuma,0
3001,Ochlodes_yuma,0
3002,Ochlodes_yuma,0
3003,Ochlodes_yuma,0
3004,Ochlodes_yuma,0
3005,Ochlodes_yuma,0
3006,Oeneis_alberta,0
3007,Oeneis_alberta,0
3008,Oeneis_alberta,0
3009,Oeneis_alberta,0
3010,Oeneis_alberta,0
3011,Oeneis_alberta,0
3012,Oeneis_alberta,0
3013,Oeneis_alpina,0
3014,Oeneis_alpina,0
3015,Oeneis_alpina,0
3016,Oeneis_bore,0
3017,Oeneis_bore,0
3018,Oeneis_bore,0
3019,Oeneis_bore,0
3020,Oeneis_bore,0
3021,Oeneis_chryxus,0
3022,Oeneis_chryxus,0
3023,Oeneis_chryxus,0
3024,Oeneis_chryxus,0
3025,Oeneis_chryxus,0
3026,Oeneis_jutta,0
3027,Oeneis_jutta,0
3028,Oeneis_jutta,0
3029,Oeneis_jutta,0
3030,Oeneis_jutta,0
3031,Oeneis_macounii,0
3032,Oeneis_macounii,0
3033,Oeneis_macounii,0
3034,Oeneis_melissa,0
3035,Oeneis_melissa,0
3036,Oeneis_melissa,0
3037,Oeneis_melissa,0
3038,Oeneis_melissa,0
3039,Oeneis_melissa,0
3040,Oeneis_melissa,0
3041,Oeneis_melissa,0
3042,Oeneis_nevadensis,0
3043,Oeneis_nevadensis,0
3044,Oeneis_nevadensis,0
3045,Oeneis_nevadensis,0
3046,Oeneis_nevadensis,0
3047,Oeneis_melissa,0
3048,Oeneis_melissa,0
3049,Oeneis_melissa,0
3050,Oeneis_melissa,0
3051,Oeneis_melissa,0
3052,Oeneis_melissa,0
3053,Oeneis_melissa,0
3054,Oeneis_philipi,0
3055,Oeneis_philipi,0
3056,Oeneis_philipi,0
3057,Oeneis_polixenes,0
3058,Oeneis_polixenes,0
3059,Oeneis_polixenes,0
3060,Oeneis_polixenes,0
3061,Oeneis_polixenes,0
3062,Oeneis_polixenes,0
3063,Oeneis_polixenes,0
3064,Oeneis_polixenes,0
3065,Oeneis_polixenes,0
3066,Oeneis_polixenes,0
3067,Oeneis_polixenes,0
3068,Oeneis_polixenes,0
3069,Oeneis_polixenes,0
3070,Oeneis_polixenes,0
3071,Oeneis_uhleri,0
3072,Oeneis_uhleri,0
3073,Oeneis_uhleri,0
3074,Oeneis_uhleri,0
3075,Oeneis_uhleri,0
3076,Oeneis_uhleri,0
3077,Oeneis_uhleri,0
3078,Oligoria_maculata,0
3079,Oligoria_maculata,0
3080,Panoquina_errans,0
3081,Panoquina_ocola,0
3082,Panoquina_ocola,0
3083,Panoquina_ocola,0
3084,Panoquina_ocola,0
3085,Panoquina_panoquinoides,0
3086,Panoquina_panoquinoides,0
3087,Panoquina_panoquin,0
3088,Panoquina_panoquin,0
3089,Panoquina_panoquin,0
3090,Panoquina_panoquin,0
3091,Papilio_brevicauda,0
3092,Papilio_brevicauda,0
3093,Papilio_indra,0
3094,Papilio_indra,0
3095,Papilio_indra,0
3096,Papilio_indra,0
3097,Papilio_joanae,0
3098,Papilio_machaon,0
3099,Papilio_machaon,0
3100,Papilio_machaon,0
3101,Papilio_polyxenes,0
3102,Papilio_polyxenes,0
3103,Papilio_polyxenes,0
3104,Papilio_polyxenes,0
3105,Papilio_polyxenes,0
3106,Papilio_polyxenes,0
3107,Papilio_polyxenes,0
3108,Papilio_polyxenes,0
3109,Papilio_zelicaon,0
3110,Papilio_zelicaon,0
3111,Papilio_zelicaon,0
3112,Papilio_zelicaon,0
3113,Papilio_zelicaon,0
3114,Papilio_zelicaon,0
3115,Papilio_zelicaon,0
3116,Papilio_zelicaon,0
3117,Papilio_zelicaon,0
3118,Paramacera_xicaque,0
3119,Paramacera_xicaque,0
3120,Paratrytone_snowi,0
3121,Parnassius_behrii,0
3122,Papilio_clodius,0
3123,Papilio_clodius,0
3124,Papilio_clodius,0
3125,Parnassius_clodius,0
3126,Parnassius_clodius,0
3127,Parnassius_clodius,0
3128,Parnassius_clodius,0
3129,Parnassius_eversmanni,0
3130,Parnassius_eversmanni,0
3131,Parnassius_phoebus,0
3132,Parnassius_phoebus,0
3133,NA,0
3134,NA,0
3135,NA,0
3136,NA,0
3137,NA,0
3138,NA,0
3139,NA,0
3140,Parnassius_smintheus,0
3141,Parnassius_smintheus,0
3142,Parnassius_smintheus,0
3143,Parnassius_smintheus,0
3144,Parnassius_smintheus,0
3145,Parnassius_smintheus,0
3146,Parnassius_smintheus,0
3147,Parnassius_smintheus,0
3148,Parnassius_smintheus,0
3149,Parnassius_smintheus,0
3150,Parnassius_smintheus,0
3151,Parnassius_smintheus,0
3152,Parrhasius_m-album,0
3153,Parrhasius_m-album,0
3154,Parrhasius_m-album,0
3155,Parrhasius_m-album,0
3156,Parrhasius_m-album,0
3157,Parrhasius_m-album,0
3158,Parrhasius_m-album,0
3159,Parrhasius_m-album,0
3160,Parrhasius_m-album,0
3161,Parrhasius_m-album,0
3162,Parrhasius_m-album,0
3163,Parrhasius_m-album,0
3164,Phaeostrymon_alcestis,0
3165,Phaeostrymon_alcestis,0
3166,Philotes_sonorensis,0
3167,Philotiella_leona,0
3168,Philotiella_speciosa,0
3169,Philotiella_speciosa,0
3170,Philotiella_speciosa,0
3171,Phocides_pigmalion,0
3172,Phocides_polybius,0
3173,Phoebis_agarithe,0
3174,Phoebis_agarithe,0
3175,Phoebis_agarithe,0
3176,Phoebis_philea,0
3177,Phoebis_philea,0
3178,Phoebis_philea,0
3179,Phoebis_sennae,0
3180,Phoebis_sennae,0
3181,Pholisora_catullus,0
3182,Pholisora_catullus,0
3183,Pholisora_mejicanus,0
3184,Phyciodes_batesii,0
3185,Phyciodes_batesii,0
3186,Phyciodes_batesii,0
3187,Phyciodes_batesii,0
3188,Phyciodes_cocyta,0
3189,Phyciodes_cocyta,0
3190,Phyciodes_cocyta,0
3191,Phyciodes_cocyta,0
3192,Phyciodes_graphica,0
3193,Phyciodes_mylitta,0
3194,Phyciodes_mylitta,0
3195,Phyciodes_orseis,0
3196,Phyciodes_pallida,0
3197,Phyciodes_pallida,0
3198,Phyciodes_pallida,0
3199,Phyciodes_pallida,0
3200,Phyciodes_phaon,0
3201,Phyciodes_phaon,0
3202,Phyciodes_phaon,0
3203,Phyciodes_picta,0
3204,Phyciodes_pulchella,0
3205,Phyciodes_pulchella,0
3206,Phyciodes_tharos,0
3207,Phyciodes_tharos,0
3208,Phyciodes_tharos,0
3209,Pieris_angelika,0
3210,Pieris_angelika,0
3211,Pieris_marginalis,0
3212,Pieris_marginalis,0
3213,Pieris_marginalis,0
3214,Pieris_marginalis,0
3215,Pieris_oleracea,0
3216,Pieris_oleracea,0
3217,Pieris_oleracea,0
3218,Pieris_oleracea,0
3219,Pieris_oleracea,0
3220,Pieris_oleracea,0
3221,Pieris_oleracea,0
3222,Pieris_oleracea,0
3223,Pieris_rapae,0
3224,Pieris_rapae,0
3225,Pieris_rapae,0
3226,Pieris_rapae,0
3227,Pieris_rapae,0
3228,Pieris_virginiensis,0
3229,Pieris_virginiensis,0
3230,Pieris_virginiensis,0
3231,Pieris_virginiensis,0
3232,Pieris_virginiensis,0
3233,Piruna_aea,0
3234,Piruna_haferniki,0
3235,Piruna_pirus,0
3236,Piruna_pirus,0
3237,Piruna_pirus,0
3238,Piruna_polingii,0
3239,Piruna_polingii,0
3240,Piruna_polingii,0
3241,Piruna_polingii,0
3242,Piruna_polingii,0
3243,Plebejus_anna,0
3244,Plebejus_anna,0
3245,Plebejus_anna,0
3246,Plebejus_cassiope,0
3247,Plebejus_cassiope,0
3248,Plebejus_idas,0
3249,Plebejus_idas,0
3250,Plebejus_idas,0
3251,Plebejus_idas,0
3252,Plebejus_idas,0
3253,Plebejus_idas,0
3254,Plebejus_idas,0
3255,Plebejus_idas,0
3256,Plebejus_idas,0
3257,Plebejus_idas,0
3258,Plebejus_idas,0
3259,Plebejus_idas,0
3260,Plebejus_melissa,0
3261,Plebejus_melissa,0
3262,Plebejus_melissa,0
3263,Plebejus_melissa,0
3264,Plebejus_melissa,0
3265,Plebejus_melissa,0
3266,Plebejus_melissa,0
3267,Plebejus_melissa,0
3268,Plebejus_melissa,0
3269,Plebejus_optilete,0
3270,Plebejus_optilete,0
3271,Plebejus_optilete,0
3272,Plebulina_emigdionis,0
3273,Poanes_aaroni,0
3274,Poanes_aaroni,0
3275,Poanes_aaroni,0
3276,Poanes_aaroni,0
3277,Poanes_hobomok,0
3278,Poanes_hobomok,0
3279,Poanes_hobomok,0
3280,Poanes_hobomok,0
3281,Poanes_hobomok,0
3282,Poanes_hobomok,0
3283,Poanes_hobomok,0
3284,Poanes_hobomok,0
3285,Poanes_massasoit,0
3286,Poanes_massasoit,0
3287,Poanes_massasoit,0
3288,Poanes_massasoit,0
3289,Poanes_melane,0
3290,Poanes_melane,0
3291,Poanes_melane,0
3292,Poanes_taxiles,0
3293,Poanes_viator,0
3294,Poanes_viator,0
3295,Poanes_viator,0
3296,Poanes_viator,0
3297,Poanes_yehl,0
3298,Poanes_zabulon,0
3299,Poanes_zabulon,0
3300,Poladryas_arachne,0
3301,Polyadryas_minuta,0
3302,Polyadryas_minuta,0
3303,Polites_baracoa,0
3304,Polites_baracoa,0
3305,Polites_carus,0
3306,Polites_coras,0
3307,Polites_coras,0
3308,Polites_coras,0
3309,Polites_coras,0
3310,Polites_coras,0
3311,Polites_draco,0
3312,Polites_draco,0
3313,Polites_draco,0
3314,Polites_draco,0
3315,Polites_draco,0
3316,Polites_mardon,0
3317,Polites_mardon,0
3318,Polites_mardon,0
3319,Polites_mystic,0
3320,Polites_mystic,0
3321,Polites_mystic,0
3322,Polites_mystic,0
3323,Polites_origenes,0
3324,Polites_origenes,0
3325,Polites_origenes,0
3326,Polites_origenes,0
3327,Polites_origenes,0
3328,Polites_origenes,0
3329,Polites_rhesus,0
3330,Polites_rhesus,0
3331,Polites_sabuleti,0
3332,Polites_sabuleti,0
3333,Polites_sabuleti,0
3334,Polites_sabuleti,0
3335,Polites_sonora,0
3336,Polites_sonora,0
3337,Polites_sonora,0
3338,Polites_sonora,0
3339,Polites_sonora,0
3340,Polites_themistocles,0
3341,Polites_themistocles,0
3342,Polites_themistocles,0
3343,Polites_themistocles,0
3344,Polites_themistocles,0
3345,Polites_themistocles,0
3346,Polites_themistocles,0
3347,Polites_vibex,0
3348,Polites_vibex,0
3349,Polygonia_comma,0
3350,Polygonia_comma,0
3351,Polygonia_comma,0
3352,Polygonia_faunus,0
3353,Polygonia_faunus,0
3354,Polygonia_faunus,0
3355,Polygonia_faunus,0
3356,Polygonia_faunus,0
3357,Polygonia_gracilis,0
3358,Polygonia_gracilis,0
3359,Polygonia_gracilis,0
3360,Polygonia_gracilis,0
3361,Polygonia_interrogationis,0
3362,Polygonia_interrogationis,0
3363,Polygonia_interrogationis,0
3364,Polygonia_interrogationis,0
3365,Polygonia_interrogationis,0
3366,Polygonia_oreas,0
3367,Polygonia_oreas,0
3368,Polygonia_oreas,0
3369,Polygonia_oreas,0
3370,Polygonia_oreas,0
3371,Polygonia_oreas,0
3372,Polygonia_progne,0
3373,Polygonia_progne,0
3374,Polygonia_satyrus,0
3375,Polygonia_satyrus,0
3376,Polygonia_satyrus,0
3377,Polygonia_satyrus,0
3378,Polygonia_satyrus,0
3379,Polygonus_leo,0
3380,Polygonus_leo,0
3381,Polygonus_leo,0
3382,Pompeius_verna,0
3383,Pompeius_verna,0
3384,Pompeius_verna,0
3385,Pontia_beckerii,0
3386,Pontia_beckerii,0
3387,Pontia_beckerii,0
3388,Pontia_beckerii,0
3389,Pontia_beckerii,0
3390,Pontia_occidentalis,0
3391,Pontia_occidentalis,0
3392,Pontia_occidentalis,0
3393,Pontia_occidentalis,0
3394,Pontia_occidentalis,0
3395,Pontia_protodice,0
3396,Pontia_protodice,0
3397,Pontia_protodice,0
3398,Pontia_protodice,0
3399,Pontia_sisymbrii,0
3400,Pontia_sisymbrii,0
3401,Pontia_sisymbrii,0
3402,Pontia_sisymbrii,0
3403,Pontia_sisymbrii,0
3404,Pontia_sisymbrii,0
3405,Problema_bulenta,0
3406,Problema_bulenta,0
3407,Problema_bulenta,0
3408,Problema_bulenta,0
3409,Problema_byssus,0
3410,Problema_byssus,0
3411,Problema_byssus,0
3412,Problema_byssus,0
3413,Problema_byssus,0
3414,Problema_byssus,0
3415,Prolibythea_carinenta,0
3416,Prolibythea_carinenta,0
3417,Prolibythea_carinenta,0
3418,Prolibythea_carinenta,0
3419,Pseudocopaeodes_eunus,0
3420,Pseudocopaeodes_eunus,0
3421,Pseudocopaeodes_eunus,0
3422,Pseudocopaeodes_eunus,0
3423,Pseudocopaeodes_eunus,0
3424,Pterourus_canadensis,0
3425,Pterourus_canadensis,0
3426,Pterourus_canadensis,0
3427,Pterourus_canadensis,0
3428,Pterourus_eurymedon,0
3429,Pterourus_eurymedon,0
3430,Pterourus_eurymedon,0
3431,Pterourus_eurymedon,0
3432,Pterourus_eurymedon,0
3433,Pterourus_glaucus,0
3434,Pterourus_glaucus,0
3435,Pterourus_glaucus,0
3436,Pterourus_glaucus,0
3437,Pterourus_glaucus,0
3438,Pterourus_glaucus,0
3439,Pterourus_glaucus,0
3440,Pterourus_glaucus,0
3441,Papilio_multicaudata,0
3442,Papilio_multicaudata,0
3443,Papilio_multicaudata,0
3444,Papilio_multicaudata,0
3445,Papilio_multicaudata,0
3446,Papilio_multicaudata,0
3447,Papilio_multicaudata,0
3448,Papilio_multicaudata,0
3449,Pterourus_rutulus,0
3450,Pterourus_rutulus,0
3451,Pterourus_troilus,0
3452,Pterourus_troilus,0
3453,Pterourus_troilus,0
3454,Pyrgus_albescens,0
3455,Pyrgus_albescens,0
3456,Pyrgus_centaureae,0
3457,Pyrgus_centaureae,0
3458,Pyrgus_centaureae,0
3459,Pyrgus_centaureae,0
3460,Pyrgus_centaureae,0
3461,Pyrgus_centaureae,0
3462,Pyrgus_centaureae,0
3463,Pyrgus_centaureae,0
3464,Pyrgus_centaureae,0
3465,Pyrgus_centaureae,0
3466,Pyrgus_centaureae,0
3467,Pyrgus_communis,0
3468,Pyrgus_communis,0
3469,Pyrgus_communis,0
3470,Pyrgus_communis,0
3471,Pyrgus_communis,0
3472,Pyrgus_communis,0
3473,Pyrgus_communis,0
3474,Pyrgus_communis,0
3475,Pyrgus_communis,0
3476,Pyrgus_oileus,0
3477,Pyrgus_oileus,0
3478,Pyrgus_philetas,0
3479,Pyrgus_philetas,0
3480,Pyrgus_ruralis,0
3481,Pyrgus_ruralis,0
3482,Pyrgus_ruralis,0
3483,Pyrgus_ruralis,0
3484,Pyrgus_ruralis,0
3485,Pyrgus_scriptura,0
3486,Pyrgus_scriptura,0
3487,Pyrgus_scriptura,0
3488,Pyrgus_xanthus,0
3489,Pyrisitia_lisa,0
3490,Pyrisitia_lisa,0
3491,Pyrisitia_lisa,0
3492,Pyrisitia_lisa,0
3493,Pyrisitia_nise,0
3494,Pyrisitia_nise,0
3495,Pyrisitia_nise,0
3496,Pyrisitia_nise,0
3497,Pyrisitia_proterpia,0
3498,Pyrisitia_proterpia,0
3499,Pyrisitia_proterpia,0
3500,Pyrisitia_proterpia,0
3501,Satyrium_acadica,0
3502,Satyrium_acadica,0
3503,Satyrium_auretorum,0
3504,Satyrium_behrii,0
3505,Satyrium_behrii,0
3506,Satyrium_behrii,0
3507,Satyrium_behrii,0
3508,Satyrium_behrii,0
3509,Satyrium_behrii,0
3510,Satyrium_behrii,0
3511,Satyrium_calanus,0
3512,Satyrium_calanus,0
3513,Satyrium_calanus,0
3514,Satyrium_calanus,0
3515,Satyrium_calanus,0
3516,Satyrium_calanus,0
3517,Satyrium_californica,0
3518,Satyrium_californica,0
3519,Satyrium_caryaevorus,0
3520,Satyrium_caryaevorus,0
3521,Satyrium_edwardsii,0
3522,Satyrium_edwardsii,0
3523,Satyrium_edwardsii,0
3524,Satyrium_edwardsii,0
3525,Satyrium_favonius,0
3526,Satyrium_favonius,0
3527,Satyrium_favonius,0
3528,Satyrium_favonius,0
3529,Satyrium_favonius,0
3530,Satyrium_fuliginosa,0
3531,Satyrium_ilavia,0
3532,satyrium_kingi,0
3533,Satyrium_kingi,0
3534,Satyrium_liparops,0
3535,Satyrium_liparops,0
3536,Satyrium_liparops,0
3537,Satyrium_polingi,0
3538,Satyrium_saepium,0
3539,Satyrium_saepium,0
3540,Satyrium_saepium,0
3541,Satyrium_saepium,0
3542,Satyrium_saepium,0
3543,Satyrium_semiluna,0
3544,Satyrium_semiluna,0
3545,Satyrium_semiluna,0
3546,Satyrium_sylvinus,0
3547,Satyrium_sylvinus,0
3548,Satyrium_sylvinus,0
3549,Satyrium_tetra,0
3550,Satyrium_titus,0
3551,Satyrium_titus,0
3552,Satyrium_titus,0
3553,Siproeta_stelenes,0
3554,Stallingsia_maculosus,0
3555,Staphylus_ceos,0
3556,Staphylus_ceos,0
3557,Staphylus_ceos,0
3558,Staphylus_hayhurstii,0
3559,Staphylus_hayhurstii,0
3560,Staphylus_hayhurstii,0
3561,Staphylus_mazans,0
3562,Stinga_morrisoni,0
3563,Strymon_acis,0
3564,Strymon_alea,0
3565,Strymon_alea,0
3566,Strymon_istapa,0
3567,Strymon_istapa,0
3568,Strymon_istapa,0
3569,Strymon_martialis,0
3570,Strymon_melinus,0
3571,Strymon_melinus,0
3572,Strymon_melinus,0
3573,Strymon_melinus,0
3574,Strymon_rufofusca,0
3575,Strymon_serapio,0
3576,Synapte_pecta,0
3577,Systasea_pulverulenta,0
3578,Systasea_pulverulenta,0
3579,Systasea_pulverulenta,0
3580,Systasea_pulverulenta,0
3581,Systasea_zampa,0
3582,Systasea_zampa,0
3583,Texola_elada,0
3584,Thorybes_bathyllus,0
3585,Thorybes_bathyllus,0
3586,Thorybes_bathyllus,0
3587,Thorybes_bathyllus,0
3588,Thorybes_bathyllus,0
3589,Thorybes_bathyllus,0
3590,Thorybes_bathyllus,0
3591,Thorybes_bathyllus,0
3592,Thorybes_confusis,0
3593,Thorybes_diversus,0
3594,Thorybes_diversus,0
3595,Thorybes_drusius,0
3596,Thorybes_mexicana,0
3597,Thorybes_mexicana,0
3598,Thorybes_mexicana,0
3599,Thorybes_pylades,0
3600,Thorybes_pylades,0
3601,Thorybes_pylades,0
3602,Thorybes_pylades,0
3603,Thorybes_pylades,0
3604,Thorybes_pylades,0
3605,Thorybes_pylades,0
3606,Thorybes_pylades,0
3607,Thorybes_pylades,0
3608,Thymelicus_lineola,0
3609,Thymelicus_lineola,0
3610,Thymelicus_lineola,0
3611,Thymelicus_lineola,0
3612,Thymelicus_lineola,0
3613,Thymelicus_lineola,0
3614,Thymelicus_lineola,0
3615,Thymelicus_lineola,0
3616,Thymelicus_lineola,0
3617,Thymelicus_lineola,0
3618,Thymelicus_lineola,0
3619,Thymelicus_lineola,0
3620,Thymelicus_lineola,0
3621,Thymelicus_lineola,0
3622,Timochares_ruptifasciata,0
3623,Urbanus_dorantes,0
3624,Urbanus_dorantes,0
3625,Urbanus_dorantes,0
3626,Urbanus_dorantes,0
3627,Urbanus_dorantes,0
3628,Urbanus_procne,0
3629,Urbanus_proteus,0
3630,Urbanus_proteus,0
3631,Urbanus_teleus,0
3632,Vanessa_annabella,0
3633,Vanessa_annabella,0
3634,Vanessa_annabella,0
3635,Vanessa_annabella,0
3636,Vanessa_atalanta,0
3637,Vanessa_atalanta,0
3638,Vanessa_atalanta,0
3639,Vanessa_atalanta,0
3640,Vanessa_cardui,0
3641,Vanessa_cardui,0
3642,Vanessa_cardui,0
3643,Vanessa_cardui,0
3644,Vanessa_cardui,0
3645,Vanessa_virginiensis,0
3646,Vanessa_virginiensis,0
3647,Vanessa_virginiensis,0
3648,Vanessa_virginiensis,0
3649,Vanessa_virginiensis,0
3650,Vanessa_virginiensis,0
3651,Vidius_perigenes,0
3652,Wallengrenia_egeremet,0
3653,Wallengrenia_egeremet,0
3654,Wallengrenia_egeremet,0
3655,Wallengrenia_otho,0
3656,Wallengrenia_otho,0
3657,Xenophanes_tryxus,0
3658,Zerene_cesonia,0
3659,Zerene_cesonia,0
3660,Zerene_eurydice,0
3661,Zestusa_dorus,0
3662,Zestusa_dorus,0
3663,Zizula_cyna,0
